-- phpMyAdmin SQL Dump
-- version 3.3.8.1
-- http://www.phpmyadmin.net
--
-- Host: localhost
-- Generation Time: Feb 10, 2011 at 01:29 AM
-- Server version: 5.1.47
-- PHP Version: 5.2.9

SET SQL_MODE="NO_AUTO_VALUE_ON_ZERO";


/*!40101 SET @OLD_CHARACTER_SET_CLIENT=@@CHARACTER_SET_CLIENT */;
/*!40101 SET @OLD_CHARACTER_SET_RESULTS=@@CHARACTER_SET_RESULTS */;
/*!40101 SET @OLD_COLLATION_CONNECTION=@@COLLATION_CONNECTION */;
/*!40101 SET NAMES utf8 */;

--
-- Database: `emmecubo_nido`
--
CREATE DATABASE `emmecubo_nido` DEFAULT CHARACTER SET latin1 COLLATE latin1_swedish_ci;
USE `emmecubo_nido`;

DELIMITER $$
--
-- Procedures
--
CREATE DEFINER=`emmecubo`@`localhost` PROCEDURE `sp_pivot`(
IN P_Row_Field VARCHAR(255),
IN P_Column_Field VARCHAR(255),
IN P_Value VARCHAR(255),
IN P_From VARCHAR(4000),
IN P_Where VARCHAR(4000)
)
BEGIN
DECLARE done INT DEFAULT 0;
DECLARE M_Count_Columns int DEFAULT 0;
DECLARE M_Column_Field varchar(60);
DECLARE M_Columns VARCHAR(8000) DEFAULT '';
DECLARE M_sqltext VARCHAR(8000);
DECLARE M_stmt VARCHAR(8000);
DECLARE cur1 CURSOR FOR SELECT CAST(Column_Field AS CHAR) FROM Temp;
DECLARE CONTINUE HANDLER FOR NOT FOUND SET done = 1;

DROP TABLE IF EXISTS Temp;
SET @M_sqltext = CONCAT('CREATE TEMPORARY TABLE Temp ',
' SELECT DISTINCT ',P_Column_Field,

' AS Column_Field',
' FROM ',P_From,
' WHERE ',P_Where,
' ORDER BY ', P_Column_Field);

PREPARE M_stmt FROM @M_sqltext;
EXECUTE M_stmt;

SELECT COUNT(*) INTO M_Count_Columns

FROM Temp

WHERE Column_Field IS NOT NULL;

IF (M_Count_Columns > 0) THEN
OPEN cur1;
REPEAT
FETCH cur1 INTO M_Column_Field;
IF (NOT done) and (M_Column_Field IS NOT NULL) THEN
SET M_Columns = CONCAT(M_Columns,

' SUM( CASE WHEN ',P_Column_Field,'=''',M_Column_Field,'''',
' THEN ',P_Value,
' ELSE 0 END) AS `', M_Column_Field ,'`,');

END IF;
UNTIL done END REPEAT;

SET M_Columns = Left(M_Columns,Length(M_Columns)-1);
SET @M_sqltext = CONCAT('SELECT '
,P_Row_Field,',',M_Columns
, ' FROM ', P_From
, ' WHERE ', P_Where
, ' GROUP BY ', P_Row_Field
, ' WITH ROLLUP'
-- , ' ORDER BY ', P_Row_Field
);

-- SELECT @M_sqltext;
PREPARE M_stmt FROM @M_sqltext;
EXECUTE M_stmt;
END IF;
END$$

$$

DELIMITER ;

-- --------------------------------------------------------

--
-- Table structure for table `account_classifications`
--

CREATE TABLE IF NOT EXISTS `account_classifications` (
  `id` bigint(19) NOT NULL AUTO_INCREMENT,
  `classification_id` bigint(19) NOT NULL,
  `category_id` bigint(19) NOT NULL,
  `account_id` bigint(19) NOT NULL,
  `created_at` timestamp NOT NULL DEFAULT CURRENT_TIMESTAMP,
  `updated_at` timestamp NOT NULL DEFAULT '0000-00-00 00:00:00',
  PRIMARY KEY (`id`),
  UNIQUE KEY `uk_account_classifications` (`id`),
  KEY `idx_account_classifications_1` (`classification_id`),
  KEY `idx_account_classifications_2` (`category_id`),
  KEY `idx_account_classifications_3` (`account_id`)
) ENGINE=InnoDB  DEFAULT CHARSET=utf8 ROW_FORMAT=DYNAMIC AUTO_INCREMENT=42 ;

--
-- Dumping data for table `account_classifications`
--

INSERT INTO `account_classifications` (`id`, `classification_id`, `category_id`, `account_id`, `created_at`, `updated_at`) VALUES
(1, 1, 7, 1, '2009-12-22 15:31:35', '0000-00-00 00:00:00'),
(2, 1, 7, 2, '2009-12-22 15:31:35', '0000-00-00 00:00:00'),
(3, 1, 3, 3, '2009-12-22 15:31:35', '0000-00-00 00:00:00'),
(4, 1, 2, 4, '2009-12-22 15:31:35', '0000-00-00 00:00:00'),
(5, 1, 1, 5, '2009-12-22 15:31:35', '0000-00-00 00:00:00'),
(6, 1, 1, 6, '2009-12-22 15:31:35', '0000-00-00 00:00:00'),
(7, 1, 1, 7, '2009-12-22 15:31:35', '0000-00-00 00:00:00'),
(8, 1, 1, 8, '2009-12-22 15:31:35', '0000-00-00 00:00:00'),
(9, 1, 5, 9, '2009-12-22 15:31:35', '0000-00-00 00:00:00'),
(10, 1, 2, 10, '2009-12-22 15:31:35', '0000-00-00 00:00:00'),
(11, 1, 2, 11, '2009-12-22 15:31:35', '0000-00-00 00:00:00'),
(12, 1, 7, 12, '2009-12-22 15:31:35', '0000-00-00 00:00:00'),
(13, 1, 8, 13, '2009-12-22 15:31:35', '0000-00-00 00:00:00'),
(14, 1, 2, 14, '2009-12-22 15:31:35', '0000-00-00 00:00:00'),
(15, 1, 8, 15, '2009-12-22 15:31:35', '0000-00-00 00:00:00'),
(16, 1, 2, 16, '2009-12-22 15:31:35', '0000-00-00 00:00:00'),
(17, 1, 8, 17, '2009-12-22 15:31:35', '0000-00-00 00:00:00'),
(18, 1, 6, 18, '2009-12-22 15:31:35', '0000-00-00 00:00:00'),
(19, 1, 6, 19, '2009-12-22 15:31:35', '0000-00-00 00:00:00'),
(20, 1, 6, 20, '2009-12-22 15:31:35', '0000-00-00 00:00:00'),
(21, 1, 6, 21, '2009-12-22 15:31:35', '0000-00-00 00:00:00'),
(22, 1, 9, 22, '2009-12-22 15:31:35', '0000-00-00 00:00:00'),
(23, 1, 2, 23, '2009-12-22 15:31:35', '0000-00-00 00:00:00'),
(24, 1, 3, 24, '2009-12-22 15:31:35', '0000-00-00 00:00:00'),
(25, 1, 2, 25, '2009-12-22 15:31:35', '0000-00-00 00:00:00'),
(26, 1, 8, 26, '2009-12-22 15:31:35', '0000-00-00 00:00:00'),
(27, 1, 8, 27, '2009-12-22 15:31:35', '0000-00-00 00:00:00'),
(28, 1, 4, 28, '2009-12-22 15:31:35', '0000-00-00 00:00:00'),
(29, 1, 4, 29, '2009-12-22 15:31:35', '0000-00-00 00:00:00'),
(30, 1, 7, 30, '2009-12-22 15:31:35', '0000-00-00 00:00:00'),
(31, 1, 2, 31, '2009-12-22 15:31:35', '0000-00-00 00:00:00'),
(32, 1, 8, 32, '2009-12-22 15:31:35', '0000-00-00 00:00:00'),
(33, 1, 5, 33, '2009-12-22 15:31:35', '0000-00-00 00:00:00'),
(34, 1, 2, 34, '2009-12-22 15:31:35', '0000-00-00 00:00:00'),
(35, 1, 8, 35, '2009-12-22 15:31:35', '0000-00-00 00:00:00'),
(36, 1, 8, 36, '2009-12-22 15:31:35', '0000-00-00 00:00:00'),
(37, 1, 10, 37, '2009-12-22 15:31:35', '0000-00-00 00:00:00'),
(38, 1, 10, 38, '2009-12-22 15:31:35', '0000-00-00 00:00:00'),
(39, 1, 10, 39, '2009-12-22 15:31:35', '0000-00-00 00:00:00'),
(40, 1, 10, 40, '2009-12-22 15:31:35', '0000-00-00 00:00:00'),
(41, 1, 10, 41, '2009-12-22 15:31:35', '0000-00-00 00:00:00');

-- --------------------------------------------------------

--
-- Table structure for table `accounts`
--

CREATE TABLE IF NOT EXISTS `accounts` (
  `id` bigint(19) NOT NULL AUTO_INCREMENT,
  `name` varchar(50) NOT NULL,
  `months` int(11) DEFAULT NULL,
  `shared` varchar(2) NOT NULL,
  `sign` smallint(6) NOT NULL,
  `created_at` timestamp NOT NULL DEFAULT CURRENT_TIMESTAMP,
  `updated_at` timestamp NOT NULL DEFAULT '0000-00-00 00:00:00',
  PRIMARY KEY (`id`),
  UNIQUE KEY `uk_accounts` (`id`)
) ENGINE=InnoDB  DEFAULT CHARSET=utf8 AUTO_INCREMENT=44 ;

--
-- Dumping data for table `accounts`
--

INSERT INTO `accounts` (`id`, `name`, `months`, `shared`, `sign`, `created_at`, `updated_at`) VALUES
(1, 'Abbigliamento', 12, 'no', -1, '2009-12-22 15:31:35', '0000-00-00 00:00:00'),
(2, 'Accessori', 12, 'no', -1, '2009-12-22 15:31:35', '0000-00-00 00:00:00'),
(3, 'Alimentari', 1, 'si', -1, '2009-12-22 15:31:35', '0000-00-00 00:00:00'),
(4, 'Arredamento', 12, 'si', -1, '2009-12-22 15:31:35', '0000-00-00 00:00:00'),
(5, 'Auto - assicurazione', 1, 'si', -1, '2009-12-22 15:31:35', '0000-00-00 00:00:00'),
(6, 'Auto - benzina', 1, 'si', -1, '2009-12-22 15:31:35', '0000-00-00 00:00:00'),
(7, 'Auto - manutenzione', 1, 'si', -1, '2009-12-22 15:31:35', '0000-00-00 00:00:00'),
(8, 'Auto - tasse', 1, 'si', -1, '2009-12-22 15:31:35', '0000-00-00 00:00:00'),
(9, 'Buoni pasto', 12, 'no', 1, '2009-12-22 15:31:35', '0000-00-00 00:00:00'),
(10, 'Casalinghi', 12, 'si', -1, '2009-12-22 15:31:35', '0000-00-00 00:00:00'),
(11, 'Consumabili', 12, 'si', -1, '2009-12-22 15:31:35', '0000-00-00 00:00:00'),
(12, 'Corpo', 12, 'no', -1, '2009-12-22 15:31:35', '0000-00-00 00:00:00'),
(13, 'Cultura', 12, 'si', -1, '2009-12-22 15:31:35', '0000-00-00 00:00:00'),
(14, 'Elettricità', 1, 'si', -1, '2009-12-22 15:31:35', '0000-00-00 00:00:00'),
(15, 'Elettronica', 12, 'si', -1, '2009-12-22 15:31:35', '0000-00-00 00:00:00'),
(16, 'Gas', 1, 'si', -1, '2009-12-22 15:31:35', '0000-00-00 00:00:00'),
(17, 'Intrattenimento', 12, 'si', -1, '2009-12-22 15:31:35', '0000-00-00 00:00:00'),
(18, 'Moto - assicurazione', 1, 'si', -1, '2009-12-22 15:31:35', '0000-00-00 00:00:00'),
(19, 'Moto - benzina', 1, 'si', -1, '2009-12-22 15:31:35', '0000-00-00 00:00:00'),
(20, 'Moto - manutenzione', 1, 'si', -1, '2009-12-22 15:31:35', '0000-00-00 00:00:00'),
(21, 'Moto - tasse', 1, 'si', -1, '2009-12-22 15:31:35', '0000-00-00 00:00:00'),
(22, 'Mezzi pubblici', 12, 'si', -1, '2009-12-22 15:31:35', '0000-00-00 00:00:00'),
(23, 'Mutuo', 1, 'si', -1, '2009-12-22 15:31:35', '0000-00-00 00:00:00'),
(24, 'Pranzi', 1, 'si', -1, '2009-12-22 15:31:35', '0000-00-00 00:00:00'),
(25, 'Pulizie', 1, 'si', -1, '2009-12-22 15:31:35', '0000-00-00 00:00:00'),
(26, 'Regali', 12, 'si', -1, '2009-12-22 15:31:35', '0000-00-00 00:00:00'),
(27, 'Ristoranti', 12, 'si', -1, '2009-12-22 15:31:35', '0000-00-00 00:00:00'),
(28, 'Rimborsi tasse', 1, 'no', 1, '2009-12-22 15:31:35', '0000-00-00 00:00:00'),
(29, 'Rimborsi vari', 1, 'no', 1, '2009-12-22 15:31:35', '0000-00-00 00:00:00'),
(30, 'Salute', 1, 'no', -1, '2009-12-22 15:31:35', '0000-00-00 00:00:00'),
(31, 'Spese condominiali', 1, 'si', -1, '2009-12-22 15:31:35', '0000-00-00 00:00:00'),
(32, 'Sport', 12, 'no', -1, '2009-12-22 15:31:35', '0000-00-00 00:00:00'),
(33, 'Stipendio', 1, 'no', 1, '2009-12-22 15:31:35', '0000-00-00 00:00:00'),
(34, 'Tasse', 1, 'si', -1, '2009-12-22 15:31:35', '0000-00-00 00:00:00'),
(35, 'Telefonia cellulare', 12, 'no', -1, '2009-12-22 15:31:35', '0000-00-00 00:00:00'),
(36, 'Telefonia fissa e ADSL', 12, 'si', -1, '2009-12-22 15:31:35', '0000-00-00 00:00:00'),
(37, 'Viaggi - Alloggi', 12, 'si', -1, '2009-12-22 15:31:35', '0000-00-00 00:00:00'),
(38, 'Viaggi - Attrazioni', 12, 'si', -1, '2009-12-22 15:31:35', '0000-00-00 00:00:00'),
(39, 'Viaggi - Libri', 12, 'si', -1, '2009-12-22 15:31:35', '0000-00-00 00:00:00'),
(40, 'Viaggi - Pasti', 12, 'si', -1, '2009-12-22 15:31:35', '0000-00-00 00:00:00'),
(41, 'Viaggi - Trasporti', 12, 'si', -1, '2009-12-22 15:31:35', '0000-00-00 00:00:00'),
(42, 'Varie', 1, 'si', -1, '0000-00-00 00:00:00', '0000-00-00 00:00:00'),
(43, 'Prelevamenti', 1, 'no', 0, '0000-00-00 00:00:00', '0000-00-00 00:00:00');

-- --------------------------------------------------------

--
-- Table structure for table `categories`
--

CREATE TABLE IF NOT EXISTS `categories` (
  `id` bigint(19) NOT NULL AUTO_INCREMENT,
  `classification_id` bigint(19) NOT NULL,
  `name` varchar(100) NOT NULL,
  `created_at` timestamp NOT NULL DEFAULT CURRENT_TIMESTAMP,
  `updated_at` timestamp NOT NULL DEFAULT '0000-00-00 00:00:00',
  PRIMARY KEY (`id`),
  UNIQUE KEY `uk_categories` (`id`)
) ENGINE=InnoDB  DEFAULT CHARSET=utf8 AUTO_INCREMENT=11 ;

--
-- Dumping data for table `categories`
--

INSERT INTO `categories` (`id`, `classification_id`, `name`, `created_at`, `updated_at`) VALUES
(0, 0, '', '2009-12-22 15:31:35', '0000-00-00 00:00:00'),
(1, 1, 'Auto', '2009-12-22 15:31:35', '0000-00-00 00:00:00'),
(2, 1, 'Casa', '2009-12-22 15:31:35', '0000-00-00 00:00:00'),
(3, 1, 'Cibo', '2009-12-22 15:31:35', '0000-00-00 00:00:00'),
(4, 1, 'Altre entrate', '2009-12-22 15:31:35', '0000-00-00 00:00:00'),
(5, 1, 'Lavoro', '2009-12-22 15:31:35', '0000-00-00 00:00:00'),
(6, 1, 'Moto', '2009-12-22 15:31:35', '0000-00-00 00:00:00'),
(7, 1, 'Personali', '2009-12-22 15:31:35', '0000-00-00 00:00:00'),
(8, 1, 'Tempo libero', '2009-12-22 15:31:35', '0000-00-00 00:00:00'),
(9, 1, 'Mezzi di trasporto', '2009-12-22 15:31:35', '0000-00-00 00:00:00'),
(10, 1, 'Viaggi', '2009-12-22 15:31:35', '0000-00-00 00:00:00');

-- --------------------------------------------------------

--
-- Table structure for table `classifications`
--

CREATE TABLE IF NOT EXISTS `classifications` (
  `id` bigint(19) NOT NULL AUTO_INCREMENT,
  `name` varchar(100) NOT NULL,
  `created_at` timestamp NOT NULL DEFAULT CURRENT_TIMESTAMP,
  `updated_at` timestamp NOT NULL DEFAULT '0000-00-00 00:00:00',
  PRIMARY KEY (`id`),
  UNIQUE KEY `uk_classifications` (`id`)
) ENGINE=InnoDB  DEFAULT CHARSET=utf8 AUTO_INCREMENT=2 ;

--
-- Dumping data for table `classifications`
--

INSERT INTO `classifications` (`id`, `name`, `created_at`, `updated_at`) VALUES
(1, 'Default', '2009-12-22 15:31:35', '0000-00-00 00:00:00');

-- --------------------------------------------------------

--
-- Table structure for table `payment_types`
--

CREATE TABLE IF NOT EXISTS `payment_types` (
  `id` bigint(19) NOT NULL AUTO_INCREMENT,
  `shortname` varchar(3) NOT NULL,
  `name` varchar(50) NOT NULL,
  `statement` varchar(20) NOT NULL DEFAULT 'C/C bancario',
  `created_at` timestamp NOT NULL DEFAULT CURRENT_TIMESTAMP,
  `updated_at` timestamp NOT NULL DEFAULT '0000-00-00 00:00:00',
  PRIMARY KEY (`id`),
  UNIQUE KEY `uk_payment_types` (`id`)
) ENGINE=InnoDB  DEFAULT CHARSET=utf8 AUTO_INCREMENT=8 ;

--
-- Dumping data for table `payment_types`
--

INSERT INTO `payment_types` (`id`, `shortname`, `name`, `statement`, `created_at`, `updated_at`) VALUES
(1, 'a', 'Assegno', 'C/C bancario', '2009-12-22 15:31:34', '0000-00-00 00:00:00'),
(2, 'b', 'Bancomat', 'C/C bancario', '2009-12-22 15:31:34', '0000-00-00 00:00:00'),
(3, 'bb', 'Bonifico bancario', 'C/C bancario', '2009-12-22 15:31:34', '0000-00-00 00:00:00'),
(4, 'c', 'Contanti', 'Contanti', '2009-12-22 15:31:34', '0000-00-00 00:00:00'),
(5, 'cc', 'Carta di credito', 'Carta di credito', '2009-12-22 15:31:34', '0000-00-00 00:00:00'),
(6, 'p', 'Poste Pay', 'Poste Pay', '2009-12-22 15:31:34', '0000-00-00 00:00:00'),
(7, 'r', 'RID', 'C/C bancario', '2009-12-22 15:31:34', '0000-00-00 00:00:00');

-- --------------------------------------------------------

--
-- Table structure for table `payments`
--

CREATE TABLE IF NOT EXISTS `payments` (
  `id` bigint(19) NOT NULL AUTO_INCREMENT,
  `transaction_id` bigint(20) NOT NULL,
  `amount` decimal(10,2) DEFAULT NULL,
  `date` date DEFAULT NULL,
  `payer_subject_id` bigint(20) NOT NULL,
  `payment_type_id` bigint(20) NOT NULL,
  `created_at` timestamp NOT NULL DEFAULT CURRENT_TIMESTAMP,
  `updated_at` timestamp NOT NULL DEFAULT '0000-00-00 00:00:00',
  PRIMARY KEY (`id`),
  UNIQUE KEY `uk_payments` (`id`),
  KEY `idx_payments_1` (`payer_subject_id`),
  KEY `idx_payments_2` (`transaction_id`)
) ENGINE=InnoDB  DEFAULT CHARSET=utf8 ROW_FORMAT=DYNAMIC AUTO_INCREMENT=1084 ;

--
-- Dumping data for table `payments`
--

INSERT INTO `payments` (`id`, `transaction_id`, `amount`, `date`, `payer_subject_id`, `payment_type_id`, `created_at`, `updated_at`) VALUES
(1, 1, 69.80, '2009-10-01', 2, 5, '2009-12-22 15:31:35', '2009-12-22 15:31:35'),
(2, 2, 250.00, '2009-10-01', 2, 4, '2009-12-22 15:31:35', '2009-12-22 15:31:35'),
(3, 3, 51.00, '2009-10-01', 1, 7, '2009-12-22 15:31:35', '2009-12-22 15:31:35'),
(4, 4, 1101.62, '2009-10-01', 1, 7, '2009-12-22 15:31:35', '2009-12-22 15:31:35'),
(5, 5, 131.00, '2009-11-30', 1, 7, '2009-12-22 15:31:35', '2009-12-22 15:31:35'),
(6, 6, 167.81, '2009-10-01', 1, 5, '2009-12-22 15:31:35', '2009-12-22 15:31:35'),
(7, 7, 9.00, '2009-10-01', 1, 4, '2009-12-22 15:31:35', '2009-12-22 15:31:35'),
(8, 8, 7.00, '2009-10-01', 1, 4, '2009-12-22 15:31:35', '2009-12-22 15:31:35'),
(9, 9, 13.90, '2009-10-02', 2, 2, '2009-12-22 15:31:35', '2009-12-22 15:31:35'),
(10, 10, 14.55, '2009-10-02', 2, 5, '2009-12-22 15:31:35', '2009-12-22 15:31:35'),
(11, 11, 100.00, '2009-10-02', 2, 4, '2009-12-22 15:31:35', '2009-12-22 15:31:35'),
(12, 12, 42.00, '2009-10-02', 1, 5, '2009-12-22 15:31:35', '2009-12-22 15:31:35'),
(13, 13, 7.50, '2009-10-02', 1, 4, '2009-12-22 15:31:35', '2009-12-22 15:31:35'),
(14, 14, 62.00, '2009-10-03', 1, 5, '2009-12-22 15:31:35', '2009-12-22 15:31:35'),
(15, 15, 39.90, '2009-10-03', 1, 5, '2009-12-22 15:31:35', '2009-12-22 15:31:35'),
(16, 16, 4.80, '2009-10-03', 2, 5, '2009-12-22 15:31:35', '2009-12-22 15:31:35'),
(17, 17, 74.00, '2009-10-03', 2, 5, '2009-12-22 15:31:35', '2009-12-22 15:31:35'),
(18, 18, 630.00, '2009-10-03', 2, 5, '2009-12-22 15:31:35', '2009-12-22 15:31:35'),
(19, 19, 6.90, '2009-10-03', 1, 5, '2009-12-22 15:31:35', '2009-12-22 15:31:35'),
(20, 20, 1000.00, '2009-10-04', 1, 5, '2009-12-22 15:31:35', '2009-12-22 15:31:35'),
(21, 20, 490.00, '2009-10-04', 1, 2, '2009-12-22 15:31:35', '2009-12-22 15:31:35'),
(22, 22, 34.75, '2009-10-05', 2, 5, '2009-12-22 15:31:35', '2009-12-22 15:31:35'),
(23, 23, 40.57, '2009-10-06', 2, 5, '2009-12-22 15:31:35', '2009-12-22 15:31:35'),
(24, 24, 20.00, '2009-10-06', 1, 4, '2009-12-22 15:31:35', '2009-12-22 15:31:35'),
(25, 25, 2500.00, '2009-10-06', 2, 4, '2009-12-22 15:31:35', '2009-12-22 15:31:35'),
(26, 25, 300.00, '2009-10-06', 1, 4, '2009-12-22 15:31:35', '2009-12-22 15:31:35'),
(27, 27, 12.00, '2009-10-07', 1, 4, '2009-12-22 15:31:35', '2009-12-22 15:31:35'),
(28, 28, 23.20, '2009-10-08', 2, 2, '2009-12-22 15:31:35', '2009-12-22 15:31:35'),
(29, 29, 279.00, '2009-10-08', 2, 5, '2009-12-22 15:31:35', '2009-12-22 15:31:35'),
(30, 30, 17.08, '2009-10-08', 2, 2, '2009-12-22 15:31:35', '2009-12-22 15:31:35'),
(31, 31, 6.00, '2009-10-12', 2, 2, '2009-12-22 15:31:35', '2009-12-22 15:31:35'),
(32, 32, 6.90, '2009-10-12', 1, 2, '2009-12-22 15:31:35', '2009-12-22 15:31:35'),
(33, 33, 4.00, '2009-10-12', 1, 4, '2009-12-22 15:31:35', '2009-12-22 15:31:35'),
(34, 34, 15.80, '2009-10-12', 2, 2, '2009-12-22 15:31:35', '2009-12-22 15:31:35'),
(35, 35, 11.80, '2009-10-12', 1, 2, '2009-12-22 15:31:35', '2009-12-22 15:31:35'),
(36, 35, 3.00, '2009-10-13', 1, 4, '2009-12-22 15:31:35', '2009-12-22 15:31:35'),
(37, 37, 30.00, '2009-10-13', 2, 5, '2009-12-22 15:31:35', '2009-12-22 15:31:35'),
(38, 38, 15.00, '2009-10-13', 2, 5, '2009-12-22 15:31:35', '2009-12-22 15:31:35'),
(39, 39, 2.50, '2009-10-13', 2, 5, '2009-12-22 15:31:35', '2009-12-22 15:31:35'),
(40, 40, 30.00, '2009-10-13', 1, 2, '2009-12-22 15:31:35', '2009-12-22 15:31:35'),
(41, 41, 4.00, '2009-10-13', 1, 2, '2009-12-22 15:31:35', '2009-12-22 15:31:35'),
(42, 42, 10.00, '2009-10-13', 1, 2, '2009-12-22 15:31:35', '2009-12-22 15:31:35'),
(43, 43, 12.50, '2009-10-13', 2, 2, '2009-12-22 15:31:35', '2009-12-22 15:31:35'),
(44, 44, 12.00, '2009-10-14', 2, 5, '2009-12-22 15:31:35', '2009-12-22 15:31:35'),
(45, 45, 19.50, '2009-10-14', 2, 5, '2009-12-22 15:31:35', '2009-12-22 15:31:35'),
(46, 46, 3.00, '2009-10-15', 2, 2, '2009-12-22 15:31:35', '2009-12-22 15:31:35'),
(47, 47, 25.20, '2009-10-15', 2, 5, '2009-12-22 15:31:35', '2009-12-22 15:31:35'),
(48, 48, 9.70, '2009-10-15', 2, 2, '2009-12-22 15:31:35', '2009-12-22 15:31:35'),
(49, 49, 13.12, '2009-10-15', 1, 2, '2009-12-22 15:31:35', '2009-12-22 15:31:35'),
(50, 50, 15.31, '2009-10-15', 1, 2, '2009-12-22 15:31:35', '2009-12-22 15:31:35'),
(51, 51, 7.57, '2009-10-15', 2, 2, '2009-12-22 15:31:35', '2009-12-22 15:31:35'),
(52, 52, 99.80, '2009-10-16', 1, 2, '2009-12-22 15:31:35', '2009-12-22 15:31:35'),
(53, 53, 10.00, '2009-10-16', 1, 4, '2009-12-22 15:31:35', '2009-12-22 15:31:35'),
(54, 54, 27.00, '2009-10-17', 2, 5, '2009-12-22 15:31:35', '2009-12-22 15:31:35'),
(55, 55, 13.50, '2009-10-17', 1, 2, '2009-12-22 15:31:35', '2009-12-22 15:31:35'),
(56, 56, 14.00, '2009-10-18', 2, 5, '2009-12-22 15:31:35', '2009-12-22 15:31:35'),
(57, 57, 41.30, '2009-10-18', 1, 2, '2009-12-22 15:31:35', '2009-12-22 15:31:35'),
(58, 58, 6.72, '2009-10-18', 1, 5, '2009-12-22 15:31:35', '2009-12-22 15:31:35'),
(59, 59, 24.21, '2009-10-19', 2, 2, '2009-12-22 15:31:35', '2009-12-22 15:31:35'),
(60, 60, 22.84, '2009-10-21', 2, 5, '2009-12-22 15:31:35', '2009-12-22 15:31:35'),
(61, 61, 1590.80, '2009-10-23', 1, 7, '2009-12-22 15:31:35', '2009-12-22 15:31:35'),
(62, 62, 5.00, '2009-10-23', 2, 4, '2009-12-22 15:31:35', '2009-12-22 15:31:35'),
(63, 63, 11.67, '2009-10-23', 2, 2, '2009-12-22 15:31:35', '2009-12-22 15:31:35'),
(64, 64, 6.00, '2009-10-23', 2, 2, '2009-12-22 15:31:35', '2009-12-22 15:31:35'),
(65, 65, 5.00, '2009-10-23', 1, 4, '2009-12-22 15:31:35', '2009-12-22 15:31:35'),
(66, 66, 7.00, '2009-10-23', 1, 4, '2009-12-22 15:31:35', '2009-12-22 15:31:35'),
(67, 67, 146.71, '2009-10-23', 2, 5, '2009-12-22 15:31:35', '2009-12-22 15:31:35'),
(68, 68, 75.00, '2009-10-23', 2, 6, '2009-12-22 15:31:35', '2009-12-22 15:31:35'),
(69, 69, 19.00, '2009-10-24', 1, 4, '2009-12-22 15:31:35', '2009-12-22 15:31:35'),
(70, 70, 30.00, '2009-10-24', 1, 4, '2009-12-22 15:31:35', '2009-12-22 15:31:35'),
(71, 71, 50.00, '2009-10-24', 1, 2, '2009-12-22 15:31:35', '2009-12-22 15:31:35'),
(72, 72, 77.16, '2009-10-25', 2, 2, '2009-12-22 15:31:35', '2009-12-22 15:31:35'),
(73, 73, 13.50, '2009-10-26', 2, 5, '2009-12-22 15:31:35', '2009-12-22 15:31:35'),
(74, 74, 18.16, '2009-10-26', 2, 4, '2009-12-22 15:31:35', '2009-12-22 15:31:35'),
(75, 75, 7.00, '2009-10-26', 1, 4, '2009-12-22 15:31:35', '2009-12-22 15:31:35'),
(76, 76, 7.50, '2009-10-27', 1, 4, '2009-12-22 15:31:35', '2009-12-22 15:31:35'),
(77, 77, 36.40, '2009-10-28', 2, 5, '2009-12-22 15:31:35', '2009-12-22 15:31:35'),
(78, 78, 95.05, '2009-10-28', 2, 2, '2009-12-22 15:31:35', '2009-12-22 15:31:35'),
(79, 79, 7.50, '2009-10-28', 1, 4, '2009-12-22 15:31:35', '2009-12-22 15:31:35'),
(80, 80, 23.92, '2009-10-29', 1, 4, '2009-12-22 15:31:35', '2009-12-22 15:31:35'),
(81, 81, 33.25, '2009-10-29', 2, 2, '2009-12-22 15:31:35', '2009-12-22 15:31:35'),
(82, 82, 7.00, '2009-10-29', 1, 4, '2009-12-22 15:31:35', '2009-12-22 15:31:35'),
(83, 83, 20.27, '2009-10-29', 2, 2, '2009-12-22 15:31:35', '2009-12-22 15:31:35'),
(84, 84, 7.50, '2009-10-30', 1, 4, '2009-12-22 15:31:35', '2009-12-22 15:31:35'),
(85, 85, 5.00, '2009-10-30', 2, 5, '2009-12-22 15:31:35', '2009-12-22 15:31:35'),
(86, 86, 63.00, '2009-10-31', 1, 4, '2009-12-22 15:31:35', '2009-12-22 15:31:35'),
(87, 87, 130.00, '2009-10-31', 1, 4, '2009-12-22 15:31:35', '2009-12-22 15:31:35'),
(88, 88, 7.50, '2009-11-02', 1, 4, '2009-12-22 15:31:35', '2009-12-22 15:31:35'),
(89, 89, 7.00, '2009-11-03', 1, 4, '2009-12-22 15:31:35', '2009-12-22 15:31:35'),
(90, 90, 11.00, '2009-11-04', 1, 2, '2009-12-22 15:31:35', '2009-12-22 15:31:35'),
(91, 91, 6.00, '2009-11-04', 1, 4, '2009-12-22 15:31:35', '2009-12-22 15:31:35'),
(92, 92, 8.00, '2009-11-04', 1, 4, '2009-12-22 15:31:35', '2009-12-22 15:31:35'),
(93, 93, 7.50, '2009-11-04', 1, 4, '2009-12-22 15:31:35', '2009-12-22 15:31:35'),
(94, 94, 45.00, '2009-11-05', 2, 5, '2009-12-22 15:31:35', '2009-12-22 15:31:35'),
(95, 95, 7.00, '2009-11-05', 1, 4, '2009-12-22 15:31:35', '2009-12-22 15:31:35'),
(96, 97, 33.00, '2009-11-07', 1, 4, '2009-12-22 15:31:35', '2009-12-22 15:31:35'),
(97, 98, 69.31, '2009-11-06', 2, 5, '2009-12-22 15:31:35', '2009-12-22 15:31:35'),
(98, 99, 30.27, '2009-11-06', 2, 5, '2009-12-22 15:31:35', '2009-12-22 15:31:35'),
(99, 100, 16.39, '2009-11-06', 2, 5, '2009-12-22 15:31:35', '2009-12-22 15:31:35'),
(100, 101, 179.00, '2009-11-06', 2, 5, '2009-12-22 15:31:35', '2009-12-22 15:31:35'),
(101, 102, 16.90, '2009-11-06', 2, 2, '2009-12-22 15:31:35', '2009-12-22 15:31:35'),
(103, 110, 10.00, '2009-11-11', 2, 4, '2009-12-22 15:31:35', '2009-12-22 15:31:35'),
(104, 111, 7.50, '2009-11-11', 1, 4, '2009-12-22 15:31:35', '2009-12-22 15:31:35'),
(105, 112, 9.20, '2009-11-11', 2, 4, '2009-12-22 15:31:35', '2009-12-22 15:31:35'),
(106, 113, 7.50, '2009-11-11', 1, 4, '2009-12-22 15:31:35', '2009-12-22 15:31:35'),
(107, 114, 76.00, '2009-11-12', 2, 5, '2009-12-22 15:31:35', '2009-12-22 15:31:35'),
(108, 115, 7.00, '2009-11-13', 1, 4, '2009-12-22 15:31:35', '2009-12-22 15:31:35'),
(109, 116, 13.50, '2009-11-12', 1, 4, '2009-12-22 15:31:35', '2009-12-22 15:31:35'),
(110, 117, 14.00, '2009-11-14', 1, 5, '2009-12-22 15:31:35', '2009-12-22 15:31:35'),
(111, 118, 26.00, '2009-11-15', 1, 4, '2009-12-22 15:31:35', '2009-12-22 15:31:35'),
(112, 119, 100.00, '2009-11-15', 1, 5, '2009-12-22 15:31:35', '2009-12-22 15:31:35'),
(113, 120, 10.00, '2009-11-15', 1, 5, '2009-12-22 15:31:35', '2009-12-22 15:31:35'),
(114, 126, 255.00, '2009-11-15', 1, 5, '2009-12-22 15:31:35', '2009-12-22 15:31:35'),
(115, 127, 30.00, '2009-11-15', 1, 5, '2009-12-22 15:31:35', '2009-12-22 15:31:35'),
(116, 128, 25.00, '2009-11-15', 2, 4, '2009-12-22 15:31:35', '2009-12-22 15:31:35'),
(117, 128, 6.00, '2009-11-15', 1, 4, '2009-12-22 15:31:35', '2009-12-22 15:31:35'),
(118, 129, 7.12, '2009-11-16', 2, 5, '2009-12-22 15:31:35', '2009-12-22 15:31:35'),
(119, 130, 7.89, '2009-11-16', 2, 5, '2009-12-22 15:31:35', '2009-12-22 15:31:35'),
(120, 131, 72.64, '2009-11-16', 2, 5, '2009-12-22 15:31:35', '2009-12-22 15:31:35'),
(121, 132, 34.00, '2009-11-16', 2, 5, '2009-12-22 15:31:35', '2009-12-22 15:31:35'),
(122, 133, 70.37, '2009-11-17', 2, 5, '2009-12-22 15:31:35', '2009-12-22 15:31:35'),
(123, 134, 70.37, '2009-11-17', 2, 5, '2009-12-22 15:31:35', '2009-12-22 15:31:35'),
(135, 121, 10.00, '2009-11-18', 1, 4, '2009-12-22 15:31:35', '2009-12-22 15:31:35'),
(136, 135, 11.00, '2009-11-18', 1, 4, '2009-12-22 15:31:35', '2009-12-22 15:31:35'),
(137, 135, 1.00, '2009-11-18', 2, 4, '2009-12-22 15:31:35', '2009-12-22 15:31:35'),
(138, 136, 7.00, '2009-11-19', 1, 4, '2009-12-22 15:31:35', '2009-12-22 15:31:35'),
(139, 137, 15.00, '2009-11-19', 2, 5, '2009-12-22 15:31:35', '2009-12-22 15:31:35'),
(140, 138, 18.50, '2009-11-19', 2, 5, '2009-12-22 15:31:35', '2009-12-22 15:31:35'),
(141, 139, 4.00, '2009-11-19', 2, 6, '2009-12-22 15:31:35', '2009-12-22 15:31:35'),
(142, 140, 35.90, '2009-11-20', 2, 5, '2009-12-22 15:31:35', '2009-12-22 15:31:35'),
(143, 141, 49.00, '2009-11-20', 2, 5, '2009-12-22 15:31:35', '2009-12-22 15:31:35'),
(144, 142, 18.00, '2009-11-20', 2, 5, '2009-12-22 15:31:35', '2009-12-22 15:31:35'),
(145, 143, 28.00, '2009-11-21', 2, 5, '2009-12-22 15:31:35', '2009-12-22 15:31:35'),
(146, 144, 11.99, '2009-11-21', 1, 5, '2009-12-22 15:31:35', '2009-12-22 15:31:35'),
(147, 145, 20.00, '2009-11-21', 1, 4, '2009-12-22 15:31:35', '2009-12-22 15:31:35'),
(148, 146, 9.40, '2009-11-22', 1, 4, '2009-12-22 15:31:35', '2009-12-22 15:31:35'),
(149, 147, 9.20, '2009-11-23', 2, 2, '2009-12-22 15:31:35', '2009-12-22 15:31:35'),
(150, 148, 25.00, '2009-11-24', 1, 4, '2009-12-22 15:31:35', '2009-12-22 15:31:35'),
(151, 149, 7.00, NULL, 1, 4, '2009-12-22 15:31:35', '2009-12-22 15:31:35'),
(152, 140, 35.90, NULL, 2, 5, '2009-12-22 15:31:35', '2009-12-22 15:31:35'),
(153, 150, 7.00, '2009-11-23', 1, 4, '2009-12-22 15:31:35', '2009-12-22 15:31:35'),
(154, 151, 7.50, '2009-11-24', 1, 4, '2009-12-22 15:31:35', '2009-12-22 15:31:35'),
(155, 152, 7.50, '2009-11-26', 1, 4, '2009-12-22 15:31:35', '2009-12-22 15:31:35'),
(156, 153, 21.00, '2009-11-27', 1, 4, '2009-12-22 15:31:35', '2009-12-22 15:31:35'),
(157, 154, 8.00, '2009-11-27', 2, 4, '2009-12-22 15:31:35', '2009-12-22 15:31:35'),
(158, 155, 5.00, '2009-11-27', 2, 4, '2009-12-22 15:31:35', '2009-12-22 15:31:35'),
(159, 156, 100.00, '2009-11-27', 1, 4, '2009-12-22 15:31:35', '2009-12-22 15:31:35'),
(160, 156, 10.00, '2009-11-27', 2, 4, '2009-12-22 15:31:35', '2009-12-22 15:31:35'),
(161, 157, 19.20, '2009-11-28', 1, 2, '2009-12-22 15:31:35', '2009-12-22 15:31:35'),
(162, 158, 21.00, '2009-11-28', 1, 2, '2009-12-22 15:31:35', '2009-12-22 15:31:35'),
(163, 160, 15.20, '2009-11-30', 2, 5, '2009-12-22 15:31:35', '2009-12-22 15:31:35'),
(164, 161, 19.50, '2009-11-30', 2, 2, '2009-12-22 15:31:35', '2009-12-22 15:31:35'),
(165, 162, 13.00, '2009-12-01', 2, 5, '2009-12-22 15:31:35', '2009-12-22 15:31:35'),
(166, 163, 3.00, '2009-12-01', 2, 4, '2009-12-22 15:31:35', '2009-12-22 15:31:35'),
(167, 164, 646.74, '2009-12-01', 2, 5, '2009-12-22 15:31:35', '2009-12-22 15:31:35'),
(168, 165, 77.50, '2009-11-29', 1, 5, '2009-12-22 15:31:35', '2009-12-22 15:31:35'),
(169, 166, 5.10, '2009-12-03', 2, 2, '2009-12-22 15:31:35', '2009-12-22 15:31:35'),
(170, 167, 7.00, '2009-12-03', 2, 5, '2009-12-22 15:31:35', '2009-12-22 15:31:35'),
(171, 168, 2.00, '2009-12-03', 2, 5, '2009-12-22 15:31:35', '2009-12-22 15:31:35'),
(172, 169, 9.00, '2009-12-03', 2, 5, '2009-12-22 15:31:35', '2009-12-22 15:31:35'),
(173, 170, 499.00, '2009-12-01', 1, 5, '2009-12-22 15:31:35', '2009-12-22 15:31:35'),
(174, 171, 7.00, '2009-12-03', 1, 4, '2009-12-22 15:31:35', '2009-12-22 15:31:35'),
(175, 172, 7.00, '2009-12-02', 1, 4, '2009-12-22 15:31:35', '2009-12-22 15:31:35'),
(176, 173, 7.50, '2009-12-01', 1, 4, '2009-12-22 15:31:35', '2009-12-22 15:31:35'),
(177, 174, 7.50, '2009-11-30', 1, 4, '2009-12-22 15:31:35', '2009-12-22 15:31:35'),
(178, 175, 5.00, '2009-11-29', 2, 6, '2009-12-22 15:31:35', '2009-12-22 15:31:35'),
(179, 176, 10.00, '2009-11-30', 1, 5, '2009-12-22 15:31:35', '2009-12-22 15:31:35'),
(180, 177, 9.20, '2009-12-04', 2, 4, '2009-12-22 15:31:35', '2009-12-22 15:31:35'),
(181, 178, 7.50, '2009-12-04', 1, 4, '2009-12-22 15:31:35', '2009-12-22 15:31:35'),
(182, 179, 5.10, '2009-12-04', 2, 2, '2009-12-22 15:31:35', '2009-12-22 15:31:35'),
(183, 180, 2.30, '2009-12-04', 2, 2, '2009-12-22 15:31:35', '2009-12-22 15:31:35'),
(184, 181, 10.05, '2009-12-04', 2, 5, '2009-12-22 15:31:35', '2009-12-22 15:31:35'),
(185, 182, 26.00, '2009-12-04', 2, 5, '2009-12-22 15:31:35', '2009-12-22 15:31:35'),
(186, 183, 53.00, '2009-12-04', 2, 5, '2009-12-22 15:31:35', '2009-12-22 15:31:35'),
(187, 184, -4600.00, '2009-12-04', 1, 3, '2009-12-22 15:31:35', '2009-12-22 15:31:35'),
(188, 185, 98.80, '2009-12-05', 1, 5, '2009-12-22 15:31:35', '2009-12-22 15:31:35'),
(189, 186, 76.23, '2009-12-05', 1, 2, '2009-12-22 15:31:35', '2009-12-22 15:31:35'),
(190, 187, 11.80, '2009-12-10', 1, 2, '2009-12-22 15:31:35', '2009-12-22 15:31:35'),
(191, 188, 34.50, '2009-12-06', 1, 4, '2009-12-22 15:31:35', '2009-12-22 15:31:35'),
(192, 189, 70.00, '2009-12-06', 1, 4, '2009-12-22 15:31:35', '2009-12-22 15:31:35'),
(193, 190, 16.00, '2009-12-07', 2, 4, '2009-12-22 15:31:35', '2009-12-22 15:31:35'),
(194, 191, 15.00, '2009-12-07', 2, 4, '2009-12-22 15:31:35', '2009-12-22 15:31:35'),
(195, 192, 10.00, '2009-12-07', 2, 4, '2009-12-22 15:31:35', '2009-12-22 15:31:35'),
(196, 193, 22.60, '2009-12-07', 1, 4, '2009-12-22 15:31:35', '2009-12-22 15:31:35'),
(197, 194, 4.50, '2009-12-07', 1, 4, '2009-12-22 15:31:35', '2009-12-22 15:31:35'),
(198, 195, 3.30, '2009-12-08', 1, 2, '2009-12-22 15:31:35', '2009-12-22 15:31:35'),
(199, 196, 80.00, '2009-12-08', 2, 2, '2009-12-22 15:31:35', '2009-12-22 15:31:35'),
(200, 197, 66.00, '2009-12-08', 1, 2, '2009-12-22 15:31:35', '2009-12-22 15:31:35'),
(201, 198, 13.50, '2009-12-08', 1, 5, '2009-12-22 15:31:35', '2009-12-22 15:31:35'),
(202, 199, 4.00, '2009-12-08', 1, 4, '2009-12-22 15:31:35', '2009-12-22 15:31:35'),
(203, 200, 7.90, '2009-12-08', 1, 4, '2009-12-22 15:31:35', '2009-12-22 15:31:35'),
(204, 201, 4.00, '2009-12-08', 1, 5, '2009-12-22 15:31:35', '2009-12-22 15:31:35'),
(205, 202, 44.40, '2009-12-05', 1, 5, '2009-12-22 15:31:35', '2009-12-22 15:31:35'),
(206, 203, 13.00, '2009-12-05', 2, 5, '2009-12-22 15:31:35', '2009-12-22 15:31:35'),
(207, 204, 17.80, '2009-12-05', 2, 5, '2009-12-22 15:31:35', '2009-12-22 15:31:35'),
(208, 205, 7.00, '2009-12-04', 1, 4, '2009-12-22 15:31:35', '2009-12-22 15:31:35'),
(209, 206, 11.00, '2009-12-06', 2, 4, '2009-12-22 15:31:35', '2009-12-22 15:31:35'),
(210, 207, 18.50, '2009-12-08', 2, 2, '2009-12-22 15:31:35', '2009-12-22 15:31:35'),
(211, 208, 25.00, '2009-12-08', 2, 5, '2009-12-22 15:31:35', '2009-12-22 15:31:35'),
(212, 209, 2.60, '2009-12-08', 1, 4, '2009-12-22 15:31:35', '2009-12-22 15:31:35'),
(213, 210, 17.00, '2009-12-08', 2, 2, '2009-12-22 15:31:35', '2009-12-22 15:31:35'),
(214, 211, 26.00, '2009-12-08', 2, 4, '2009-12-22 15:31:35', '2009-12-22 15:31:35'),
(215, 212, 4.00, '2009-12-08', 2, 4, '2009-12-22 15:31:35', '2009-12-22 15:31:35'),
(216, 213, 7.00, '2009-12-09', 1, 4, '2009-12-22 15:31:35', '2009-12-22 15:31:35'),
(217, 214, 20.00, '2009-12-10', 1, 2, '2009-12-22 15:31:35', '2009-12-22 15:31:35'),
(218, 215, 195.80, '2009-12-10', 2, 5, '2009-12-22 15:31:35', '2009-12-22 15:31:35'),
(219, 216, 9.00, '2009-12-11', 2, 5, '2009-12-22 15:31:35', '2009-12-22 15:31:35'),
(220, 217, 28.00, '2009-12-11', 2, 5, '2009-12-22 15:31:35', '2009-12-22 15:31:35'),
(221, 218, 7.00, '2009-12-11', 1, 4, '2009-12-22 15:31:35', '2009-12-22 15:31:35'),
(222, 219, 14.00, '2009-12-12', 2, 5, '2009-12-22 15:31:35', '2009-12-22 15:31:35'),
(223, 220, 5.00, '2009-12-12', 1, 4, '2009-12-22 15:31:35', '2009-12-22 15:31:35'),
(224, 221, 15.00, '2009-12-12', 1, 4, '2009-12-22 15:31:35', '2009-12-22 15:31:35'),
(225, 222, 3.60, '2009-12-12', 1, 5, '2009-12-22 15:31:35', '2009-12-22 15:31:35'),
(226, 223, 15.00, '2009-12-12', 1, 5, '2009-12-22 15:31:35', '2009-12-22 15:31:35'),
(227, 224, 20.00, '2009-12-12', 1, 5, '2009-12-22 15:31:35', '2009-12-22 15:31:35'),
(228, 225, 40.00, '2009-12-12', 1, 5, '2009-12-22 15:31:35', '2009-12-22 15:31:35'),
(229, 226, 11.65, '2009-12-13', 2, 4, '2009-12-22 15:31:35', '2009-12-22 15:31:35'),
(230, 227, 64.00, '2009-12-14', 2, 5, '2009-12-22 15:31:35', '2009-12-22 15:31:35'),
(231, 228, 4.00, '2009-12-14', 2, 4, '2009-12-22 15:31:35', '2009-12-22 15:31:35'),
(232, 229, 18.00, '2009-12-18', 2, 5, '2009-12-22 15:31:35', '2009-12-22 15:31:35'),
(233, 230, 23.00, '2009-12-17', 1, 5, '2009-12-22 15:31:35', '2009-12-22 15:31:35'),
(234, 231, 5.00, '2009-12-12', 2, 4, '2009-12-22 15:31:35', '2009-12-22 15:31:35'),
(235, 232, 6.00, '2009-12-16', 1, 5, '2009-12-22 15:31:35', '2009-12-22 15:31:35'),
(236, 233, 5.00, '2009-12-16', 2, 4, '2009-12-22 15:31:35', '2009-12-22 15:31:35'),
(237, 234, 45.00, '2009-12-19', 2, 5, '2009-12-22 15:31:35', '2009-12-22 15:31:35'),
(238, 235, 27.00, '2009-12-19', 1, 5, '2009-12-22 15:31:35', '2009-12-22 15:31:35'),
(239, 236, 80.00, '2009-12-19', 1, 5, '2009-12-22 15:31:35', '2009-12-22 15:31:35'),
(240, 237, 20.00, '2009-12-18', 2, 4, '2009-12-22 15:31:35', '2009-12-22 15:31:35'),
(241, 238, 110.00, '2009-12-18', 2, 4, '2009-12-22 15:31:35', '2009-12-22 15:31:35'),
(242, 239, 7.50, '2009-12-14', 1, 4, '2009-12-22 15:31:35', '2009-12-22 15:31:35'),
(243, 240, 7.50, '2009-12-15', 1, 4, '2009-12-22 15:31:35', '2009-12-22 15:31:35'),
(244, 241, 7.00, '2009-12-16', 1, 4, '2009-12-22 15:31:35', '2009-12-22 15:31:35'),
(245, 242, 7.50, '2009-12-17', 1, 4, '2009-12-22 15:31:35', '2009-12-22 15:31:35'),
(246, 243, 7.00, '2009-12-18', 1, 4, '2009-12-22 15:31:35', '2009-12-22 15:31:35'),
(247, 244, 15.00, '2009-12-26', 1, 4, '2010-01-08 01:03:59', '2010-01-08 01:14:07'),
(253, 245, 92.00, '2010-01-18', 1, 7, '2010-01-09 15:51:45', '2010-01-09 15:51:45'),
(254, 246, 131.00, '2009-11-30', 1, 7, '2010-01-09 17:16:49', '2010-01-09 17:16:49'),
(255, 247, 25.40, '2010-01-11', 2, 4, '2010-01-11 21:15:39', '2010-01-11 21:15:39'),
(256, 248, 14.00, '2010-01-11', 2, 4, '2010-01-11 21:17:20', '2010-01-11 21:17:20'),
(257, 249, 7.00, '2010-01-11', 1, 4, '2010-01-11 21:18:51', '2010-01-11 21:18:51'),
(258, 250, 17.40, '2010-01-11', 1, 5, '2010-01-11 21:21:11', '2010-01-11 21:21:11'),
(259, 251, 6.00, '2010-01-11', 1, 4, '2010-01-11 21:23:20', '2010-01-11 21:23:20'),
(260, 252, NULL, '2010-01-10', 1, 5, '2010-01-11 21:26:43', '2010-01-11 21:26:43'),
(261, 252, 43.00, '2010-01-10', 1, 5, '2010-01-11 21:27:32', '2010-01-11 21:27:32'),
(262, 250, 17.40, '2010-01-10', 1, 1, '2010-01-11 21:28:15', '2010-01-11 21:28:15'),
(263, 250, 17.40, '2010-01-10', 1, 5, '2010-01-11 21:28:37', '2010-01-11 21:28:37'),
(264, 251, 6.00, '2010-01-10', 1, 4, '2010-01-11 21:31:25', '2010-01-11 21:31:25'),
(265, 253, 4.60, '2010-01-10', 1, 2, '2010-01-11 21:34:11', '2010-01-11 21:34:11'),
(266, 253, 1.80, '2010-01-10', 2, 2, '2010-01-11 21:34:24', '2010-01-11 21:34:24'),
(267, 254, 369.00, '2010-01-10', 1, 5, '2010-01-11 21:35:48', '2010-01-11 21:35:48'),
(268, 255, 105.00, '2010-01-10', 1, 5, '2010-01-11 21:37:20', '2010-01-11 21:37:20'),
(269, 256, 5.50, '2010-01-09', 2, 4, '2010-01-11 21:42:48', '2010-01-11 21:42:48'),
(270, 257, 6.00, '2010-01-08', 2, 4, '2010-01-11 21:44:27', '2010-01-11 21:44:27'),
(271, 258, 43.00, '2010-01-08', 1, 5, '2010-01-11 21:45:28', '2010-01-11 21:45:28'),
(272, 259, 7.00, '2010-01-08', 1, 4, '2010-01-11 21:46:34', '2010-01-11 21:46:34'),
(273, 260, 4.50, '2010-01-07', 1, 5, '2010-01-11 21:48:00', '2010-01-11 21:48:00'),
(274, 261, 7.50, '2010-01-07', 1, 4, '2010-01-11 21:48:48', '2010-01-11 21:48:48'),
(275, 262, 28.00, '2009-12-28', 1, 5, '2010-01-11 21:55:33', '2010-01-11 21:55:33'),
(276, 263, 10.00, '2009-12-29', 2, 4, '2010-01-11 21:57:52', '2010-01-11 21:57:52'),
(277, 264, 10.00, '2009-12-29', 1, 5, '2010-01-11 22:00:00', '2010-01-11 22:00:00'),
(278, 266, 5.00, '2009-12-29', 2, 6, '2010-01-11 22:03:53', '2010-01-11 22:03:53'),
(279, 267, 5.00, '2009-12-29', 2, 6, '2010-01-11 22:06:27', '2010-01-11 22:06:27'),
(280, 268, 15.00, '2009-12-31', 1, 4, '2010-01-11 22:10:32', '2010-01-11 22:10:32'),
(281, 269, 20.45, '2010-01-11', 1, 1, '2010-01-11 22:12:19', '2010-01-11 22:12:19'),
(282, 269, 20.45, '2009-12-31', 2, 4, '2010-01-11 22:12:57', '2010-01-11 22:12:57'),
(283, 270, 5.00, '2009-12-31', 2, 4, '2010-01-11 22:14:41', '2010-01-11 22:14:41'),
(284, 271, 1.50, '2009-12-31', 1, 4, '2010-01-11 22:17:02', '2010-01-11 22:17:02'),
(285, 272, 23.50, '2010-01-01', 1, 5, '2010-01-11 22:18:30', '2010-01-11 22:18:30'),
(286, 273, 22.50, '2009-12-26', 1, 4, '2010-01-11 22:20:14', '2010-01-11 22:20:14'),
(287, 274, 15.00, '2009-12-25', 1, 4, '2010-01-11 22:23:14', '2010-01-11 22:23:14'),
(288, 275, 13.00, '2009-12-24', 2, 4, '2010-01-11 22:25:25', '2010-01-11 22:25:25'),
(289, 276, 16.00, '2009-12-24', 2, 4, '2010-01-11 22:27:29', '2010-01-11 22:27:29'),
(290, 277, 7.00, '2009-12-24', 2, 4, '2010-01-11 22:29:26', '2010-01-11 22:29:26'),
(291, 278, 5.00, '2009-12-23', 1, 5, '2010-01-11 22:30:37', '2010-01-11 22:30:37'),
(292, 279, 49.00, '2009-12-23', 1, 5, '2010-01-11 22:32:02', '2010-01-11 22:32:02'),
(293, 280, 4.00, '2009-12-23', 1, 4, '2010-01-11 22:33:38', '2010-01-11 22:33:38'),
(294, 280, 4.00, '2009-12-23', 1, 4, '2010-01-11 22:34:01', '2010-01-11 22:34:01'),
(295, 281, 15.00, '2009-12-23', 1, 5, '2010-01-11 22:39:36', '2010-01-11 22:39:36'),
(296, 282, 28.00, '2009-12-23', 1, 5, '2010-01-11 22:41:01', '2010-01-11 22:41:01'),
(297, 283, 8.00, '2009-12-23', 2, 4, '2010-01-11 22:42:11', '2010-01-11 22:42:11'),
(298, 284, 5.00, '2009-12-22', 1, 4, '2010-01-11 22:43:30', '2010-01-11 22:43:30'),
(299, 285, 27.00, '2009-12-22', 2, 5, '2010-01-11 22:45:23', '2010-01-11 22:45:23'),
(300, 286, 87.00, '2009-12-20', 2, 5, '2010-01-11 22:46:54', '2010-01-11 22:46:54'),
(301, 285, 27.00, '2009-12-20', 2, 5, '2010-01-11 22:47:47', '2010-01-11 22:47:47'),
(302, 287, 13.00, '2009-12-20', 1, 5, '2010-01-11 22:49:45', '2010-01-11 22:49:45'),
(303, 288, 20.00, '2009-12-20', 1, 5, '2010-01-11 22:51:49', '2010-01-11 22:51:49'),
(304, 289, 5.00, '2009-01-20', 1, 5, '2010-01-11 22:54:03', '2010-01-11 22:54:03'),
(305, 290, 7.50, '2009-12-20', 2, 4, '2010-01-11 22:56:05', '2010-01-11 22:56:05'),
(306, 291, 34.94, '2010-01-04', 1, 7, '2010-01-14 16:33:25', '0000-00-00 00:00:00'),
(307, 292, 77.60, '2010-01-14', 2, 2, '2010-01-18 02:54:34', '0000-00-00 00:00:00'),
(309, 293, 15.00, '2010-01-14', 2, 2, '2010-01-18 03:08:22', '0000-00-00 00:00:00'),
(310, 294, 13.00, '2010-01-14', 2, 4, '2010-01-18 03:09:31', '0000-00-00 00:00:00'),
(311, 295, 5.75, '2010-01-14', 2, 2, '2010-01-18 03:10:17', '0000-00-00 00:00:00'),
(312, 296, 21.50, '2010-01-14', 1, 5, '2010-01-18 03:11:11', '0000-00-00 00:00:00'),
(313, 297, 5.00, '2010-01-14', 2, 4, '2010-01-18 03:12:27', '0000-00-00 00:00:00'),
(314, 298, 5.00, '2010-01-14', 1, 4, '2010-01-18 03:13:06', '0000-00-00 00:00:00'),
(315, 299, 24.00, '2010-01-17', 1, 5, '2010-01-18 03:14:09', '0000-00-00 00:00:00'),
(316, 300, 5.50, '2010-01-17', 1, 5, '2010-01-18 03:15:17', '0000-00-00 00:00:00'),
(317, 301, 8.00, '2010-01-14', 2, 4, '2010-01-18 03:16:16', '0000-00-00 00:00:00'),
(318, 302, 7.00, '2010-01-14', 1, 4, '2010-01-18 03:16:46', '0000-00-00 00:00:00'),
(319, 303, 7.00, '2010-01-13', 1, 4, '2010-01-18 03:32:07', '0000-00-00 00:00:00'),
(320, 304, 7.00, '2010-01-12', 1, 4, '2010-01-18 03:32:38', '0000-00-00 00:00:00'),
(321, 305, 28.72, '2010-01-14', 2, 6, '2010-01-18 04:23:35', '0000-00-00 00:00:00'),
(322, 306, 1096.36, '2010-01-01', 1, 7, '2010-01-18 05:19:06', '0000-00-00 00:00:00'),
(323, 307, 63.73, '2009-12-31', 1, 7, '2010-01-18 05:20:12', '0000-00-00 00:00:00'),
(324, 308, 35.00, '2009-12-23', 1, 2, '2010-01-18 05:21:18', '0000-00-00 00:00:00'),
(325, 309, 600.00, '2009-12-05', 1, 1, '2010-01-18 05:22:44', '0000-00-00 00:00:00'),
(326, 310, 1095.62, '2009-12-01', 1, 7, '2010-01-18 05:23:37', '0000-00-00 00:00:00'),
(327, 311, 77.45, '2009-11-29', 1, 2, '2010-01-18 05:24:36', '0000-00-00 00:00:00'),
(328, 312, 1097.86, '2009-11-01', 1, 7, '2010-01-18 05:25:32', '0000-00-00 00:00:00'),
(329, 313, 22.00, '2009-11-04', 1, 2, '2010-01-18 05:29:06', '0000-00-00 00:00:00'),
(330, 314, 38.10, '2009-11-22', 1, 7, '2010-01-18 05:30:00', '0000-00-00 00:00:00'),
(331, 315, 3.20, '2010-01-02', 1, 2, '2010-01-18 07:07:41', '0000-00-00 00:00:00'),
(332, 316, 30.00, '2010-01-02', 1, 4, '2010-01-18 07:08:31', '0000-00-00 00:00:00'),
(333, 317, 71.39, '2010-01-02', 1, 5, '2010-01-18 07:09:09', '0000-00-00 00:00:00'),
(334, 318, 3.75, '2010-01-02', 1, 5, '2010-01-18 07:09:50', '0000-00-00 00:00:00'),
(335, 319, 5.00, '2010-01-02', 1, 5, '2010-01-18 07:10:36', '0000-00-00 00:00:00'),
(336, 320, 6.00, '2010-01-02', 1, 4, '2010-01-18 07:12:06', '0000-00-00 00:00:00'),
(337, 321, 8.00, '2010-01-02', 1, 4, '2010-01-18 07:12:45', '0000-00-00 00:00:00'),
(338, 322, 10.40, '2010-01-02', 3, 5, '2010-01-18 07:13:23', '0000-00-00 00:00:00'),
(339, 323, 8.00, '2010-01-03', 2, 4, '2010-01-18 07:14:03', '0000-00-00 00:00:00'),
(340, 324, 22.00, '2010-01-03', 1, 5, '2010-01-18 07:14:43', '0000-00-00 00:00:00'),
(341, 325, 31.60, '2010-01-03', 1, 5, '2010-01-18 07:15:26', '0000-00-00 00:00:00'),
(342, 326, 20.60, '2010-01-03', 1, 4, '2010-01-18 07:16:01', '0000-00-00 00:00:00'),
(343, 327, 7.60, '2010-01-04', 2, 4, '2010-01-18 07:18:43', '0000-00-00 00:00:00'),
(344, 328, 6.00, '2010-01-04', 2, 4, '2010-01-18 07:19:18', '0000-00-00 00:00:00'),
(345, 329, 19.50, '2010-01-04', 1, 4, '2010-01-18 07:20:00', '0000-00-00 00:00:00'),
(346, 330, 4.80, '2010-01-04', 1, 4, '2010-01-18 07:20:30', '0000-00-00 00:00:00'),
(347, 331, 28.10, '2010-01-04', 1, 5, '2010-01-18 07:21:08', '0000-00-00 00:00:00'),
(348, 332, 34.00, '2010-01-04', 1, 5, '2010-01-18 07:21:49', '0000-00-00 00:00:00'),
(349, 333, 12.90, '2010-01-04', 1, 5, '2010-01-18 07:22:20', '0000-00-00 00:00:00'),
(350, 334, 16.90, '2010-01-04', 1, 4, '2010-01-18 07:22:51', '0000-00-00 00:00:00'),
(351, 335, 10.20, '2010-01-05', 1, 4, '2010-01-18 07:47:50', '0000-00-00 00:00:00'),
(352, 336, 10.00, '2010-01-05', 1, 4, '2010-01-18 07:48:45', '0000-00-00 00:00:00'),
(353, 337, 2.00, '2010-01-05', 1, 4, '2010-01-18 07:49:56', '0000-00-00 00:00:00'),
(354, 338, 10.10, '2010-01-05', 1, 4, '2010-01-18 07:51:10', '0000-00-00 00:00:00'),
(355, 339, 6.20, '2010-01-05', 1, 4, '2010-01-18 07:51:45', '0000-00-00 00:00:00'),
(356, 340, 18.50, '2010-01-05', 1, 4, '2010-01-18 07:52:47', '0000-00-00 00:00:00'),
(357, 341, 26.00, '2010-01-05', 1, 4, '2010-01-18 07:53:29', '0000-00-00 00:00:00'),
(358, 342, 3.60, '2010-01-05', 1, 4, '2010-01-18 07:54:16', '0000-00-00 00:00:00'),
(359, 343, 50.00, '2010-01-05', 2, 2, '2010-01-18 07:54:53', '0000-00-00 00:00:00'),
(360, 344, 5.00, '2010-01-05', 1, 4, '2010-01-18 07:55:36', '0000-00-00 00:00:00'),
(361, 345, 19.20, '2010-01-05', 2, 4, '2010-01-18 07:57:37', '0000-00-00 00:00:00'),
(362, 346, 11.00, '2010-01-06', 2, 4, '2010-01-18 07:58:20', '0000-00-00 00:00:00'),
(363, 347, 18.00, '2010-01-06', 1, 5, '2010-01-18 07:59:37', '0000-00-00 00:00:00'),
(364, 348, 3.50, '2010-01-06', 1, 4, '2010-01-18 08:00:17', '0000-00-00 00:00:00'),
(365, 349, 4.50, '2010-01-06', 1, 4, '2010-01-18 08:00:55', '0000-00-00 00:00:00'),
(366, 350, 19.00, '2010-01-06', 2, 2, '2010-01-18 08:01:59', '0000-00-00 00:00:00'),
(367, 351, 62.00, '2010-01-06', 1, 5, '2010-01-18 08:02:38', '0000-00-00 00:00:00'),
(368, 352, 3.00, '2010-01-06', 1, 4, '2010-01-18 08:03:24', '0000-00-00 00:00:00'),
(369, 353, 3.20, '2010-01-06', 2, 2, '2010-01-18 08:03:59', '0000-00-00 00:00:00'),
(370, 354, 6.00, '2010-01-19', 2, 2, '2010-01-19 16:10:36', '0000-00-00 00:00:00'),
(371, 355, 7.50, '2010-01-19', 1, 4, '2010-01-19 16:12:09', '0000-00-00 00:00:00'),
(372, 356, 5.00, '2010-01-19', 1, 4, '2010-01-19 16:14:31', '0000-00-00 00:00:00'),
(373, 357, 4.50, '2010-01-19', 2, 4, '2010-01-19 16:18:53', '0000-00-00 00:00:00'),
(374, 358, 3.00, '2010-01-20', 2, 2, '2010-01-20 09:40:02', '0000-00-00 00:00:00'),
(375, 359, 3.00, '2010-01-20', 2, 2, '2010-01-20 09:41:31', '0000-00-00 00:00:00'),
(376, 360, 4.00, '2010-01-20', 2, 2, '2010-01-20 09:42:46', '0000-00-00 00:00:00'),
(377, 361, 7.50, '2010-01-20', 1, 4, '2010-01-20 09:50:45', '0000-00-00 00:00:00'),
(378, 362, 17.00, '2010-01-20', 1, 4, '2010-01-20 19:30:32', '0000-00-00 00:00:00'),
(379, 363, 30.00, '2010-01-20', 2, 2, '2010-01-20 19:31:31', '0000-00-00 00:00:00'),
(380, 364, 13.00, '2021-01-10', 2, 2, '2010-01-21 11:14:21', '0000-00-00 00:00:00'),
(381, 365, 1.36, '2021-01-10', 2, 2, '2010-01-21 11:15:35', '0000-00-00 00:00:00'),
(382, 366, 0.80, '2021-01-10', 2, 2, '2010-01-21 11:16:56', '0000-00-00 00:00:00'),
(383, 367, 5.00, '2010-01-22', 2, 2, '2010-01-22 10:09:15', '0000-00-00 00:00:00'),
(384, 368, 17.80, '2010-01-22', 2, 4, '2010-01-22 13:12:28', '0000-00-00 00:00:00'),
(385, 369, 1.00, '2010-01-22', 1, 4, '2010-01-22 13:17:01', '0000-00-00 00:00:00'),
(386, 370, 6.60, '2010-01-22', 2, 4, '2010-01-22 15:29:32', '0000-00-00 00:00:00'),
(387, 371, 127.49, '2010-01-23', 2, 4, '2010-01-23 08:18:47', '0000-00-00 00:00:00'),
(388, 372, 15.00, '2010-01-22', 2, 4, '2010-01-23 08:20:01', '0000-00-00 00:00:00'),
(389, 373, 11.20, '2010-01-23', 2, 5, '2010-01-23 08:22:05', '0000-00-00 00:00:00'),
(390, 374, 9.78, '2010-01-23', 1, 5, '2010-01-23 08:24:17', '0000-00-00 00:00:00'),
(391, 375, 1.00, '2010-01-22', 2, 4, '2010-01-23 08:25:33', '0000-00-00 00:00:00'),
(392, 376, 17.47, '2010-01-24', 2, 4, '2010-01-24 15:02:48', '0000-00-00 00:00:00'),
(393, 377, 24.19, '2010-01-23', 1, 5, '2010-01-24 15:05:03', '0000-00-00 00:00:00'),
(394, 378, 11.20, '2010-01-24', 1, 5, '2010-01-24 15:47:34', '0000-00-00 00:00:00'),
(395, 379, 17.00, '2010-01-24', 1, 5, '2010-01-24 15:49:43', '0000-00-00 00:00:00'),
(396, 380, 5.85, '2010-01-24', 1, 5, '2010-01-24 15:51:28', '0000-00-00 00:00:00'),
(397, 381, 5.80, '2010-01-23', 1, 5, '2010-01-24 15:53:03', '0000-00-00 00:00:00'),
(398, 382, 2.50, '2010-01-23', 3, 4, '2010-01-24 15:54:34', '0000-00-00 00:00:00'),
(400, 384, 1.50, '2010-01-23', 2, 4, '2010-01-24 15:55:42', '0000-00-00 00:00:00'),
(401, 385, 11.00, '2010-01-23', 1, 5, '2010-01-24 15:56:53', '0000-00-00 00:00:00'),
(402, 386, 1.99, '2010-01-23', 1, 5, '2010-01-24 15:57:35', '0000-00-00 00:00:00'),
(403, 387, 11.20, '2010-01-25', 1, 5, '2010-01-26 10:07:16', '0000-00-00 00:00:00'),
(404, 388, 3.00, '2010-01-25', 2, 4, '2010-01-26 10:08:30', '0000-00-00 00:00:00'),
(405, 389, 38.00, '2010-01-25', 1, 5, '2010-01-26 10:09:53', '0000-00-00 00:00:00'),
(406, 390, 10.00, '2010-01-25', 2, 4, '2010-01-26 10:10:54', '0000-00-00 00:00:00'),
(407, 391, 6.15, '2010-01-25', 2, 4, '2010-01-26 10:12:10', '0000-00-00 00:00:00'),
(408, 392, 6.90, '2010-01-25', 1, 5, '2010-01-26 10:13:01', '0000-00-00 00:00:00'),
(409, 393, 3.00, '2010-01-25', 1, 5, '2010-01-26 10:14:22', '0000-00-00 00:00:00'),
(410, 394, 1.65, '2010-01-25', 2, 4, '2010-01-26 10:15:14', '0000-00-00 00:00:00'),
(411, 395, 11.12, '2010-01-25', 2, 2, '2010-01-26 10:22:21', '0000-00-00 00:00:00'),
(412, 396, 11.20, '2010-01-25', 1, 5, '2010-01-26 10:42:38', '0000-00-00 00:00:00'),
(413, 397, 7.95, '2010-01-26', 2, 4, '2010-01-27 10:23:39', '0000-00-00 00:00:00'),
(414, 398, 25.99, '2010-01-26', 2, 2, '2010-01-27 10:24:24', '0000-00-00 00:00:00'),
(415, 399, 12.00, '2010-01-27', 2, 4, '2010-01-27 10:26:55', '0000-00-00 00:00:00'),
(416, 400, 7.50, '2010-01-27', 1, 4, '2010-01-27 10:27:51', '0000-00-00 00:00:00'),
(417, 401, 2.00, '2010-01-27', 2, 4, '2010-01-27 10:29:09', '0000-00-00 00:00:00'),
(418, 402, 224.00, '2010-01-21', 1, 5, '2010-01-28 06:28:09', '0000-00-00 00:00:00'),
(419, 403, 7.50, '2010-01-28', 1, 4, '2010-01-28 06:43:48', '0000-00-00 00:00:00'),
(420, 404, 7.50, '2010-02-02', 1, 4, '2010-02-03 02:28:40', '0000-00-00 00:00:00'),
(421, 405, 3.10, '2010-02-02', 1, 4, '2010-02-03 02:29:25', '0000-00-00 00:00:00'),
(422, 406, 8.00, '2010-02-02', 1, 4, '2010-02-03 02:30:05', '0000-00-00 00:00:00'),
(423, 407, 36.50, '2010-02-02', 1, 5, '2010-02-03 02:30:47', '0000-00-00 00:00:00'),
(424, 408, 125.00, '2010-02-02', 2, 2, '2010-02-03 02:32:40', '0000-00-00 00:00:00'),
(425, 409, 2.00, '2010-02-02', 2, 4, '2010-02-03 02:33:09', '0000-00-00 00:00:00'),
(426, 410, 11.00, '2010-02-01', 2, 2, '2010-02-03 02:34:45', '0000-00-00 00:00:00'),
(427, 411, 11.00, '2010-02-01', 2, 2, '2010-02-03 02:35:30', '0000-00-00 00:00:00'),
(428, 412, 7.00, '2010-02-01', 1, 4, '2010-02-03 02:35:57', '0000-00-00 00:00:00'),
(429, 413, 13.00, '2010-01-31', 1, 2, '2010-02-03 02:36:56', '0000-00-00 00:00:00'),
(430, 414, 24.00, '2010-01-31', 1, 5, '2010-02-03 02:37:37', '0000-00-00 00:00:00'),
(431, 415, 7.00, '2010-01-31', 1, 4, '2010-02-03 02:38:24', '0000-00-00 00:00:00'),
(432, 416, 4.00, '2010-01-31', 1, 4, '2010-02-03 02:39:05', '0000-00-00 00:00:00'),
(433, 417, 1.00, '2010-01-31', 2, 4, '2010-02-03 02:39:47', '0000-00-00 00:00:00'),
(434, 418, 10.00, '2010-01-30', 2, 4, '2010-02-03 02:41:07', '0000-00-00 00:00:00'),
(435, 419, 5.00, '2010-01-31', 2, 4, '2010-02-03 03:19:38', '0000-00-00 00:00:00'),
(436, 420, 7.50, '2010-01-29', 1, 4, '2010-02-03 03:20:27', '0000-00-00 00:00:00'),
(437, 421, 6.00, '2010-01-30', 2, 4, '2010-02-03 03:31:26', '0000-00-00 00:00:00'),
(438, 422, 0.00, '2010-02-02', 2, 4, '2010-02-03 03:34:44', '0000-00-00 00:00:00'),
(439, 423, 1.00, '2010-02-02', 2, 4, '2010-02-03 03:35:20', '0000-00-00 00:00:00'),
(440, 424, 20.00, '2010-02-02', 1, 4, '2010-02-03 05:46:27', '0000-00-00 00:00:00'),
(441, 425, 12.35, '2010-02-04', 2, 2, '2010-02-04 09:42:55', '0000-00-00 00:00:00'),
(442, 426, 3.00, '2010-02-04', 2, 2, '2010-02-04 09:43:54', '0000-00-00 00:00:00'),
(443, 427, 7.00, '2010-02-04', 1, 4, '2010-02-04 09:45:24', '0000-00-00 00:00:00'),
(444, 428, 9.20, '2010-02-03', 2, 4, '2010-02-04 09:46:38', '0000-00-00 00:00:00'),
(445, 429, 7.00, '2010-02-03', 1, 4, '2010-02-04 09:51:38', '0000-00-00 00:00:00'),
(446, 430, 26.00, '2010-02-04', 2, 2, '2010-02-05 06:42:57', '0000-00-00 00:00:00'),
(448, 431, 120.00, '2010-02-05', 2, 4, '2010-02-05 08:43:19', '0000-00-00 00:00:00'),
(449, 432, 140.00, '2010-02-05', 2, 4, '2010-02-05 08:44:58', '0000-00-00 00:00:00'),
(450, 433, 27.00, '2010-02-05', 2, 2, '2010-02-05 08:46:34', '0000-00-00 00:00:00'),
(451, 434, 20.00, '2010-02-05', 1, 5, '2010-02-08 04:06:27', '0000-00-00 00:00:00'),
(452, 435, 22.88, '2010-02-05', 1, 5, '2010-02-08 04:08:36', '0000-00-00 00:00:00'),
(453, 436, 67.20, '2010-02-06', 1, 5, '2010-02-08 04:10:15', '0000-00-00 00:00:00'),
(454, 437, 6.50, '2010-02-07', 2, 4, '2010-02-08 04:11:18', '0000-00-00 00:00:00'),
(455, 438, 20.00, '2010-02-03', 2, 4, '2010-02-08 04:13:03', '0000-00-00 00:00:00'),
(456, 439, 5.50, '2010-02-06', 1, 5, '2010-02-08 04:27:29', '0000-00-00 00:00:00'),
(457, 440, 5.47, '2010-02-06', 1, 5, '2010-02-08 04:50:50', '0000-00-00 00:00:00'),
(458, 441, 18.55, '2010-02-06', 1, 5, '2010-02-08 04:52:02', '0000-00-00 00:00:00'),
(459, 442, 7.00, '2010-02-08', 1, 4, '2010-02-09 01:32:00', '0000-00-00 00:00:00'),
(460, 443, 23.00, '2010-02-08', 1, 4, '2010-02-09 01:44:08', '0000-00-00 00:00:00'),
(461, 444, 7.00, '2010-02-09', 1, 4, '2010-02-10 07:04:34', '0000-00-00 00:00:00'),
(462, 445, 4.35, '2010-02-11', 2, 2, '2010-02-11 12:18:35', '0000-00-00 00:00:00'),
(463, 446, 11.95, '2010-02-11', 2, 2, '2010-02-11 12:19:21', '0000-00-00 00:00:00'),
(464, 447, 7.00, '2010-02-11', 1, 4, '2010-02-11 12:19:49', '0000-00-00 00:00:00'),
(465, 448, 7.00, '2010-02-12', 1, 4, '2010-02-14 07:36:04', '0000-00-00 00:00:00'),
(466, 449, 3.00, '2010-02-12', 2, 4, '2010-02-14 07:36:56', '0000-00-00 00:00:00'),
(467, 450, 2.00, '2010-02-12', 2, 4, '2010-02-14 07:37:39', '0000-00-00 00:00:00'),
(468, 451, 25.50, '2010-02-12', 1, 5, '2010-02-14 07:38:15', '0000-00-00 00:00:00'),
(469, 452, 18.00, '2010-02-12', 1, 5, '2010-02-14 07:38:55', '0000-00-00 00:00:00'),
(470, 453, 2.00, '2010-02-12', 1, 4, '2010-02-14 07:39:30', '0000-00-00 00:00:00'),
(471, 454, 21.00, '2010-02-13', 1, 5, '2010-02-14 07:40:12', '0000-00-00 00:00:00'),
(472, 455, 62.00, '2010-02-13', 1, 5, '2010-02-14 07:40:48', '0000-00-00 00:00:00'),
(473, 456, 2.60, '2010-02-13', 2, 4, '2010-02-14 07:41:48', '0000-00-00 00:00:00'),
(474, 457, 11.50, '2010-02-13', 1, 5, '2010-02-14 07:42:35', '0000-00-00 00:00:00'),
(475, 458, 11.30, '0000-00-00', 1, 5, '2010-02-15 02:19:15', '0000-00-00 00:00:00'),
(476, 459, 40.00, '2010-02-15', 1, 5, '2010-02-16 01:54:17', '0000-00-00 00:00:00'),
(477, 460, 7.50, '2010-02-15', 1, 4, '2010-02-16 16:44:45', '0000-00-00 00:00:00'),
(478, 461, 5.00, '2010-02-15', 2, 4, '2010-02-16 16:46:19', '0000-00-00 00:00:00'),
(479, 462, 14.52, '2010-02-16', 2, 2, '2010-02-16 16:48:00', '0000-00-00 00:00:00'),
(480, 463, 5.00, '2010-02-05', 2, 4, '2010-02-16 16:49:13', '0000-00-00 00:00:00'),
(481, 464, 7.30, '2010-02-16', 2, 4, '2010-02-16 16:50:12', '0000-00-00 00:00:00'),
(482, 465, 7.00, '2010-02-16', 1, 4, '2010-02-16 17:17:04', '0000-00-00 00:00:00'),
(483, 466, 6.15, '2010-02-17', 2, 4, '2010-02-17 16:39:08', '0000-00-00 00:00:00'),
(484, 467, 9.20, '2010-02-17', 2, 4, '2010-02-17 16:41:17', '0000-00-00 00:00:00'),
(485, 468, 30.00, '2010-02-16', 2, 4, '2010-02-17 16:42:38', '0000-00-00 00:00:00'),
(486, 469, 7.00, '2010-02-17', 1, 4, '2010-02-17 16:43:02', '0000-00-00 00:00:00'),
(487, 470, 15.00, '2010-02-18', 2, 4, '2010-02-18 16:47:12', '0000-00-00 00:00:00'),
(488, 471, 50.00, '2010-02-18', 2, 4, '2010-02-18 16:47:41', '0000-00-00 00:00:00'),
(489, 472, 53.83, '2010-02-20', 2, 6, '2010-02-20 04:58:27', '0000-00-00 00:00:00'),
(490, 473, 15.00, '0000-00-00', 1, 4, '2010-02-22 07:12:09', '0000-00-00 00:00:00'),
(491, 474, 8.10, '0000-00-00', 2, 4, '2010-02-22 07:13:11', '0000-00-00 00:00:00'),
(492, 475, 274.50, '2010-02-20', 1, 5, '2010-02-22 07:17:20', '0000-00-00 00:00:00'),
(493, 476, 42.00, '2010-02-20', 1, 5, '2010-02-22 07:18:14', '0000-00-00 00:00:00'),
(494, 477, 15.00, '2010-02-20', 1, 4, '2010-02-22 07:19:23', '0000-00-00 00:00:00'),
(495, 478, 6.50, '2010-02-20', 1, 4, '2010-02-22 07:20:05', '0000-00-00 00:00:00'),
(496, 479, 4.40, '2010-02-20', 2, 2, '2010-02-22 07:21:04', '0000-00-00 00:00:00'),
(497, 480, 4.40, '2010-02-20', 2, 4, '2010-02-22 07:22:08', '0000-00-00 00:00:00'),
(498, 481, 7.95, '2010-02-20', 2, 2, '2010-02-24 13:41:13', '0000-00-00 00:00:00'),
(499, 482, 39.60, '2010-02-19', 2, 2, '2010-02-24 13:42:04', '0000-00-00 00:00:00'),
(500, 483, 8.95, '2010-02-20', 2, 2, '2010-02-24 13:42:38', '0000-00-00 00:00:00'),
(501, 484, 34.90, '2010-02-21', 2, 2, '2010-02-24 13:43:24', '0000-00-00 00:00:00'),
(502, 485, 12.00, '2010-02-22', 2, 2, '2010-02-24 13:44:10', '0000-00-00 00:00:00'),
(503, 486, 19.00, '2010-02-22', 2, 2, '2010-02-24 13:45:06', '0000-00-00 00:00:00'),
(504, 487, 4.40, '2010-02-24', 2, 6, '2010-02-24 13:47:09', '0000-00-00 00:00:00'),
(505, 488, 4.40, '2010-02-25', 2, 6, '2010-02-24 13:48:20', '0000-00-00 00:00:00'),
(506, 489, 7.00, '2010-02-23', 1, 4, '2010-02-24 13:48:45', '0000-00-00 00:00:00'),
(507, 490, 7.50, '2010-02-22', 1, 4, '2010-02-24 13:49:10', '0000-00-00 00:00:00'),
(508, 491, 7.00, '2010-02-24', 1, 4, '2010-02-24 13:49:34', '0000-00-00 00:00:00'),
(509, 492, 3.50, '2010-02-24', 2, 4, '2010-02-24 13:50:19', '0000-00-00 00:00:00'),
(510, 493, 5.00, '2010-02-24', 2, 6, '2010-02-24 14:06:53', '0000-00-00 00:00:00'),
(511, 494, 4.40, '2010-02-26', 2, 6, '2010-02-28 05:07:46', '0000-00-00 00:00:00'),
(512, 495, 74.00, '2010-02-26', 2, 2, '2010-02-28 05:08:29', '0000-00-00 00:00:00'),
(513, 496, 7.00, '2010-02-26', 1, 4, '2010-02-28 05:08:57', '0000-00-00 00:00:00'),
(514, 497, 10.00, '2010-02-25', 1, 4, '2010-02-28 05:09:35', '0000-00-00 00:00:00'),
(515, 498, 7.50, '2010-02-27', 1, 5, '2010-02-28 05:10:55', '0000-00-00 00:00:00'),
(516, 499, 4.90, '2010-02-27', 2, 2, '2010-02-28 05:11:59', '0000-00-00 00:00:00'),
(517, 500, 1.30, '2010-02-27', 2, 4, '2010-02-28 05:12:43', '0000-00-00 00:00:00'),
(518, 501, 85.00, '2010-02-27', 1, 5, '2010-02-28 05:14:27', '0000-00-00 00:00:00'),
(519, 502, 40.00, '2010-02-27', 1, 4, '2010-02-28 05:15:13', '0000-00-00 00:00:00'),
(520, 432, -140.00, '2010-02-05', 2, 2, '2010-02-28 06:05:03', '0000-00-00 00:00:00'),
(521, 503, 4.90, '2010-02-27', 2, 2, '2010-02-28 10:39:41', '0000-00-00 00:00:00'),
(522, 504, 7.00, '2010-03-01', 2, 2, '2010-03-01 11:53:47', '0000-00-00 00:00:00'),
(523, 505, 9.20, '2010-03-02', 2, 4, '2010-03-02 10:47:39', '0000-00-00 00:00:00'),
(524, 506, 50.00, '2010-03-02', 2, 4, '2010-03-02 10:48:14', '0000-00-00 00:00:00'),
(525, 506, -50.00, '2010-03-02', 2, 2, '2010-03-02 10:48:36', '0000-00-00 00:00:00'),
(526, 507, 6.00, '2010-03-03', 2, 4, '2010-03-04 11:14:59', '0000-00-00 00:00:00'),
(527, 508, 15.00, '2010-03-04', 2, 4, '2010-03-04 11:15:42', '0000-00-00 00:00:00'),
(528, 509, 3.00, '2010-03-04', 2, 4, '2010-03-04 11:16:39', '0000-00-00 00:00:00'),
(529, 510, 2.00, '2010-03-04', 2, 4, '2010-03-04 11:17:34', '0000-00-00 00:00:00'),
(530, 511, 2.20, '2010-03-05', 2, 6, '2010-03-06 08:05:20', '0000-00-00 00:00:00'),
(531, 512, 2.20, '2010-03-05', 2, 4, '2010-03-06 08:07:12', '0000-00-00 00:00:00'),
(532, 513, 9.00, '2010-03-05', 2, 2, '2010-03-06 08:07:55', '0000-00-00 00:00:00'),
(533, 514, 10.00, '2010-03-06', 2, 2, '2010-03-07 11:10:40', '0000-00-00 00:00:00'),
(534, 515, 10.11, '2010-03-06', 1, 5, '2010-03-07 11:13:09', '0000-00-00 00:00:00'),
(535, 516, 4.09, '2010-03-06', 1, 5, '2010-03-07 11:14:17', '0000-00-00 00:00:00'),
(536, 517, 21.00, '2010-03-06', 1, 5, '2010-03-07 11:14:58', '0000-00-00 00:00:00'),
(537, 518, 4.80, '2010-03-06', 1, 4, '2010-03-07 11:15:34', '0000-00-00 00:00:00'),
(538, 519, 5.00, '2010-03-07', 2, 6, '2010-03-08 02:56:29', '0000-00-00 00:00:00'),
(539, 520, 15.00, '2010-03-07', 1, 5, '2010-03-08 02:57:06', '0000-00-00 00:00:00'),
(540, 521, 37.50, '2010-03-07', 1, 5, '2010-03-08 02:58:10', '0000-00-00 00:00:00'),
(541, 522, 6.55, '2010-03-09', 2, 2, '2010-03-09 15:58:08', '0000-00-00 00:00:00'),
(542, 523, 2.50, '2010-03-09', 2, 4, '2010-03-09 15:58:52', '0000-00-00 00:00:00'),
(543, 524, 7.50, '2010-03-09', 1, 4, '2010-03-09 15:59:22', '0000-00-00 00:00:00'),
(544, 525, 9.50, '2010-03-10', 2, 2, '2010-03-10 11:26:50', '0000-00-00 00:00:00'),
(545, 526, 2.00, '2010-03-10', 2, 4, '2010-03-10 11:35:17', '0000-00-00 00:00:00'),
(546, 527, 7.50, '2010-03-10', 1, 4, '2010-03-10 18:28:17', '0000-00-00 00:00:00'),
(547, 528, 5.00, '2010-03-11', 2, 4, '2010-03-11 15:46:24', '0000-00-00 00:00:00'),
(548, 529, 20.00, '2010-03-11', 2, 4, '2010-03-11 15:47:06', '0000-00-00 00:00:00'),
(549, 529, -20.00, '2010-03-11', 2, 2, '2010-03-11 15:47:44', '0000-00-00 00:00:00'),
(550, 530, 7.50, '2010-03-11', 1, 4, '2010-03-11 15:49:08', '0000-00-00 00:00:00'),
(551, 531, 7.00, '2010-03-12', 2, 4, '2010-03-12 14:04:21', '0000-00-00 00:00:00'),
(552, 532, 12.30, '2010-03-12', 2, 2, '2010-03-12 14:05:40', '0000-00-00 00:00:00'),
(553, 533, 9.00, '2010-03-12', 2, 2, '2010-03-12 14:06:22', '0000-00-00 00:00:00'),
(554, 534, 11.00, '2010-03-12', 1, 4, '2010-03-12 14:07:37', '0000-00-00 00:00:00'),
(555, 535, 28.00, '2010-03-11', 1, 5, '2010-03-12 14:12:52', '0000-00-00 00:00:00'),
(556, 184, 4600.00, '2009-12-04', 2, 3, '2010-03-14 04:42:27', '0000-00-00 00:00:00'),
(557, 536, 8.00, '2010-03-14', 1, 4, '2010-03-15 04:04:22', '0000-00-00 00:00:00'),
(558, 537, 10.00, '2010-03-14', 1, 4, '2010-03-15 04:05:06', '0000-00-00 00:00:00'),
(559, 538, 15.00, '2010-03-15', 2, 2, '2010-03-15 12:57:15', '0000-00-00 00:00:00'),
(560, 539, 7.00, '2010-03-15', 1, 4, '2010-03-15 12:58:25', '0000-00-00 00:00:00'),
(561, 540, 11.00, '2010-03-16', 2, 2, '2010-03-17 03:20:39', '0000-00-00 00:00:00'),
(562, 541, 6.18, '2010-03-18', 2, 2, '2010-03-18 16:46:28', '0000-00-00 00:00:00'),
(563, 542, 2.52, '2010-03-18', 2, 2, '2010-03-18 16:47:43', '0000-00-00 00:00:00'),
(564, 543, 3.15, '2010-03-19', 2, 2, '2010-03-19 07:53:47', '0000-00-00 00:00:00'),
(565, 544, 2.86, '2010-03-19', 2, 2, '2010-03-19 07:54:39', '0000-00-00 00:00:00'),
(566, 545, 67.54, '2010-03-19', 2, 2, '2010-03-19 07:55:48', '0000-00-00 00:00:00'),
(567, 546, 21.00, '2010-03-20', 1, 5, '2010-03-23 18:12:46', '0000-00-00 00:00:00'),
(568, 547, 3.60, '2010-03-20', 1, 4, '2010-03-23 18:13:35', '0000-00-00 00:00:00'),
(569, 548, 8.00, '2010-03-23', 1, 4, '2010-03-23 18:14:42', '0000-00-00 00:00:00'),
(570, 549, 5.00, '2010-03-09', 2, 4, '2010-03-24 18:14:37', '0000-00-00 00:00:00'),
(571, 550, 9.20, '2010-03-24', 2, 2, '2010-03-24 18:16:17', '0000-00-00 00:00:00'),
(572, 551, 8.00, '2010-03-24', 2, 2, '2010-03-24 18:17:25', '0000-00-00 00:00:00'),
(573, 552, 2.00, '2010-03-24', 2, 4, '2010-03-24 18:21:52', '0000-00-00 00:00:00'),
(574, 553, 9.00, '2010-03-20', 2, 2, '2010-03-24 18:28:34', '0000-00-00 00:00:00'),
(575, 554, 12.00, '2010-03-24', 2, 2, '2010-03-25 05:05:06', '0000-00-00 00:00:00'),
(576, 555, -70.00, '2010-03-25', 2, 2, '2010-03-25 11:53:45', '0000-00-00 00:00:00'),
(577, 555, 70.00, '2010-03-25', 2, 4, '2010-03-25 11:53:45', '0000-00-00 00:00:00'),
(578, 556, 22.50, '2010-03-25', 2, 4, '2010-03-25 11:54:33', '0000-00-00 00:00:00'),
(579, 557, 8.00, '2010-03-25', 2, 4, '2010-03-25 11:55:40', '0000-00-00 00:00:00'),
(580, 558, 11.50, '2010-03-25', 2, 4, '2010-03-25 11:56:20', '0000-00-00 00:00:00'),
(581, 559, 7.00, '2010-01-18', 1, 4, '2010-03-26 10:56:57', '0000-00-00 00:00:00'),
(582, 560, 7.00, '2010-01-21', 1, 4, '2010-03-26 10:57:36', '0000-00-00 00:00:00'),
(583, 561, 7.00, '2010-01-22', 1, 4, '2010-03-26 10:58:08', '0000-00-00 00:00:00'),
(584, 562, 7.00, '2010-01-25', 1, 4, '2010-03-26 10:58:24', '0000-00-00 00:00:00'),
(585, 563, 7.00, '2010-01-26', 1, 4, '2010-03-26 10:58:39', '0000-00-00 00:00:00'),
(586, 564, 7.00, '2010-02-05', 1, 4, '2010-03-26 10:59:36', '0000-00-00 00:00:00'),
(587, 565, 7.00, '2010-02-10', 1, 4, '2010-03-26 11:00:12', '0000-00-00 00:00:00'),
(588, 566, 7.50, '2010-02-18', 1, 4, '2010-03-26 11:00:33', '0000-00-00 00:00:00'),
(589, 567, 7.50, '2010-02-19', 1, 4, '2010-03-26 11:00:46', '0000-00-00 00:00:00'),
(590, 568, 7.00, '2010-03-01', 1, 4, '2010-03-26 11:01:37', '0000-00-00 00:00:00'),
(591, 569, 7.50, '2010-03-02', 1, 4, '2010-03-26 11:01:53', '0000-00-00 00:00:00'),
(592, 570, 7.50, '2010-03-03', 1, 4, '2010-03-26 11:02:02', '0000-00-00 00:00:00'),
(593, 571, 7.00, '2010-03-04', 1, 4, '2010-03-26 11:02:19', '0000-00-00 00:00:00'),
(594, 572, 9.50, '2010-03-05', 1, 4, '2010-03-26 11:02:43', '0000-00-00 00:00:00'),
(595, 573, 7.50, '2010-03-08', 1, 4, '2010-03-26 11:05:19', '0000-00-00 00:00:00'),
(596, 574, 7.00, '2010-03-16', 1, 4, '2010-03-26 11:20:07', '0000-00-00 00:00:00'),
(597, 575, 7.50, '2010-03-17', 1, 4, '2010-03-26 11:20:29', '0000-00-00 00:00:00'),
(598, 576, 7.50, '2010-03-18', 1, 4, '2010-03-26 11:21:12', '0000-00-00 00:00:00'),
(599, 577, 11.00, '2010-03-19', 1, 4, '2010-03-26 11:21:48', '0000-00-00 00:00:00'),
(600, 578, 7.50, '2010-03-22', 1, 4, '2010-03-26 11:22:52', '0000-00-00 00:00:00'),
(601, 579, 7.50, '2010-03-23', 1, 4, '2010-03-26 11:23:05', '0000-00-00 00:00:00'),
(602, 580, 7.00, '2010-03-24', 1, 4, '2010-03-26 11:23:39', '0000-00-00 00:00:00'),
(603, 581, 7.50, '2010-03-25', 1, 4, '2010-03-26 11:24:12', '0000-00-00 00:00:00'),
(604, 582, 7.00, '2010-03-26', 1, 4, '2010-03-26 11:24:27', '0000-00-00 00:00:00'),
(605, 583, 40.00, '2010-03-13', 1, 4, '2010-03-26 11:25:40', '0000-00-00 00:00:00'),
(606, 584, 20.00, '2010-03-24', 1, 4, '2010-03-26 11:30:23', '0000-00-00 00:00:00'),
(607, 585, 10.00, '2010-03-02', 1, 4, '2010-03-26 11:31:33', '0000-00-00 00:00:00'),
(608, 586, 16.00, '2010-03-27', 2, 4, '2010-03-29 04:27:29', '0000-00-00 00:00:00'),
(609, 587, 22.00, '2010-03-27', 1, 5, '2010-03-29 04:29:09', '0000-00-00 00:00:00'),
(610, 588, 24.00, '2010-03-28', 1, 5, '2010-03-29 05:34:22', '0000-00-00 00:00:00'),
(612, 589, 21.00, '2010-03-28', 1, 5, '2010-03-29 05:37:56', '0000-00-00 00:00:00'),
(613, 590, 5.00, '2010-03-28', 1, 5, '2010-03-29 05:38:43', '0000-00-00 00:00:00'),
(614, 591, 11.00, '2010-03-28', 1, 5, '2010-03-29 05:40:41', '0000-00-00 00:00:00'),
(615, 592, 60.00, '2010-03-27', 1, 2, '2010-03-29 05:41:24', '0000-00-00 00:00:00'),
(616, 593, 5.00, '2010-03-26', 1, 4, '2010-03-29 06:29:54', '0000-00-00 00:00:00'),
(617, 588, 42.00, '2010-03-28', 1, 4, '2010-03-29 06:32:17', '0000-00-00 00:00:00'),
(618, 594, 13.50, '2010-03-29', 2, 2, '2010-03-29 12:17:37', '0000-00-00 00:00:00'),
(619, 595, 48.00, '2010-03-29', 2, 2, '2010-03-29 12:19:48', '0000-00-00 00:00:00'),
(620, 596, 7.50, '2010-03-29', 1, 4, '2010-03-30 03:59:03', '0000-00-00 00:00:00'),
(621, 597, 7.50, '2010-03-30', 1, 4, '2010-03-30 05:59:58', '0000-00-00 00:00:00'),
(622, 598, 15.00, '2010-03-30', 1, 4, '2010-03-30 06:00:22', '0000-00-00 00:00:00'),
(623, 599, 29.00, '2010-03-30', 2, 2, '2010-03-31 02:02:15', '0000-00-00 00:00:00'),
(624, 600, 2.40, '2010-03-30', 2, 2, '2010-03-31 02:03:36', '0000-00-00 00:00:00'),
(625, 601, 5.00, '2010-03-31', 1, 5, '2010-03-31 02:58:21', '0000-00-00 00:00:00'),
(626, 602, 7.50, '2010-03-31', 1, 4, '2010-03-31 08:25:48', '0000-00-00 00:00:00'),
(627, 603, 7.50, '2010-04-01', 1, 4, '2010-04-01 09:11:53', '0000-00-00 00:00:00');
INSERT INTO `payments` (`id`, `transaction_id`, `amount`, `date`, `payer_subject_id`, `payment_type_id`, `created_at`, `updated_at`) VALUES
(628, 604, 54.00, '2010-04-01', 2, 2, '2010-04-02 23:37:21', '0000-00-00 00:00:00'),
(629, 605, 180.00, '2010-04-02', 1, 4, '2010-04-02 23:38:35', '0000-00-00 00:00:00'),
(630, 606, 11.35, '2010-04-02', 1, 5, '2010-04-02 23:40:49', '0000-00-00 00:00:00'),
(631, 607, 4.34, '2010-04-02', 2, 4, '2010-04-02 23:41:41', '0000-00-00 00:00:00'),
(632, 608, 3.00, '2010-04-01', 2, 4, '2010-04-02 23:42:34', '0000-00-00 00:00:00'),
(634, 610, 55.00, '2010-04-02', 1, 5, '2010-04-02 23:43:50', '0000-00-00 00:00:00'),
(635, 611, 60.00, '2010-04-02', 1, 4, '2010-04-03 00:10:33', '0000-00-00 00:00:00'),
(636, 612, 50.00, '2010-03-26', 1, 4, '2010-04-03 00:13:16', '0000-00-00 00:00:00'),
(637, 613, 24.30, '2010-04-06', 1, 4, '2010-04-07 04:59:48', '0000-00-00 00:00:00'),
(638, 614, 40.00, '2010-04-06', 2, 2, '2010-04-07 05:00:23', '0000-00-00 00:00:00'),
(639, 615, 26.00, '2010-04-04', 1, 5, '2010-04-07 05:01:33', '0000-00-00 00:00:00'),
(640, 616, 37.00, '2010-04-03', 1, 5, '2010-04-07 05:03:27', '0000-00-00 00:00:00'),
(641, 617, 3.00, '2010-04-03', 1, 5, '2010-04-07 05:04:58', '0000-00-00 00:00:00'),
(642, 617, 10.00, '2010-04-03', 1, 4, '2010-04-07 05:05:27', '0000-00-00 00:00:00'),
(643, 618, 50.00, '2010-04-07', 1, 5, '2010-04-07 14:47:35', '0000-00-00 00:00:00'),
(644, 619, 6.60, '2010-04-02', 1, 4, '2010-04-07 14:48:44', '0000-00-00 00:00:00'),
(645, 620, -20.00, '2010-04-07', 2, 2, '2010-04-08 15:03:16', '0000-00-00 00:00:00'),
(646, 620, 20.00, '2010-04-07', 2, 4, '2010-04-08 15:03:16', '0000-00-00 00:00:00'),
(647, 621, 7.50, '2010-04-08', 1, 4, '2010-04-08 15:08:34', '0000-00-00 00:00:00'),
(648, 622, 20.00, '2010-04-08', 1, 4, '2010-04-08 15:08:39', '0000-00-00 00:00:00'),
(649, 623, 158.00, '2010-04-08', 1, 5, '2010-04-09 15:54:38', '0000-00-00 00:00:00'),
(650, 624, 9.20, '2010-04-09', 2, 4, '2010-04-09 15:55:18', '0000-00-00 00:00:00'),
(651, 625, 13.20, '0000-00-00', 1, 4, '2010-04-11 02:30:22', '0000-00-00 00:00:00'),
(652, 626, 9.60, '2010-04-10', 1, 4, '2010-04-11 02:33:46', '0000-00-00 00:00:00'),
(654, 628, 13.50, '2010-04-10', 1, 4, '2010-04-11 02:34:49', '0000-00-00 00:00:00'),
(655, 629, 4.10, '2010-04-10', 1, 4, '2010-04-11 02:36:03', '0000-00-00 00:00:00'),
(656, 630, 19.50, '2010-04-10', 1, 5, '2010-04-11 02:36:52', '0000-00-00 00:00:00'),
(657, 631, 9.00, '2010-04-11', 1, 4, '2010-04-11 18:42:27', '0000-00-00 00:00:00'),
(658, 631, 5.00, '2010-04-11', 2, 4, '2010-04-11 18:42:54', '0000-00-00 00:00:00'),
(659, 632, 9.00, '2010-04-11', 2, 2, '2010-04-11 18:43:38', '0000-00-00 00:00:00'),
(660, 633, -100.00, '2010-04-12', 2, 2, '2010-04-12 15:45:39', '0000-00-00 00:00:00'),
(661, 633, 100.00, '2010-04-12', 2, 4, '2010-04-12 15:45:39', '0000-00-00 00:00:00'),
(662, 634, 24.52, '2010-04-13', 2, 2, '2010-04-14 08:23:17', '0000-00-00 00:00:00'),
(663, 635, 5.00, '2010-04-13', 2, 2, '2010-04-14 08:24:52', '0000-00-00 00:00:00'),
(664, 636, 20.50, '2010-04-13', 2, 2, '2010-04-14 08:28:23', '0000-00-00 00:00:00'),
(665, 637, 4.36, '2010-04-14', 2, 2, '2010-04-14 08:29:21', '0000-00-00 00:00:00'),
(666, 638, 153.00, '2010-04-15', 1, 5, '2010-04-16 03:27:08', '0000-00-00 00:00:00'),
(667, 639, 10.00, '2010-04-16', 1, 4, '2010-04-16 07:43:17', '0000-00-00 00:00:00'),
(668, 640, 7.50, '2010-04-15', 1, 4, '2010-04-16 07:43:34', '0000-00-00 00:00:00'),
(669, 641, 7.50, '2010-04-14', 1, 4, '2010-04-16 07:43:50', '0000-00-00 00:00:00'),
(670, 642, 27.50, '2010-04-18', 1, 5, '2010-04-18 16:47:33', '0000-00-00 00:00:00'),
(671, 643, 9.20, '2010-04-18', 2, 4, '2010-04-18 16:48:11', '0000-00-00 00:00:00'),
(672, 644, 3.30, '2010-04-19', 2, 4, '2010-04-20 10:47:55', '0000-00-00 00:00:00'),
(673, 645, 10.00, '2010-04-20', 2, 4, '2010-04-20 13:43:14', '0000-00-00 00:00:00'),
(674, 646, 10.00, '2010-04-21', 2, 2, '2010-04-21 08:01:27', '0000-00-00 00:00:00'),
(675, 647, 7.80, '2010-04-21', 2, 4, '2010-04-21 08:01:57', '0000-00-00 00:00:00'),
(676, 648, 49.00, '2010-04-21', 1, 5, '2010-04-22 02:19:13', '0000-00-00 00:00:00'),
(677, 649, 40.00, '2010-04-23', 2, 2, '2010-04-23 12:08:05', '0000-00-00 00:00:00'),
(678, 650, 16.70, '2010-04-24', 1, 4, '2010-04-24 14:44:35', '0000-00-00 00:00:00'),
(679, 651, 15.00, '2010-04-25', 1, 4, '2010-04-25 16:04:25', '0000-00-00 00:00:00'),
(680, 652, 4.00, '2010-04-25', 1, 4, '2010-04-25 16:05:24', '0000-00-00 00:00:00'),
(681, 653, 20.55, '2010-04-26', 2, 2, '2010-04-26 10:32:14', '0000-00-00 00:00:00'),
(682, 654, 14.00, '2010-04-25', 2, 6, '2010-04-26 10:39:02', '0000-00-00 00:00:00'),
(683, 655, 8.00, '2010-04-27', 2, 4, '2010-04-27 07:13:22', '0000-00-00 00:00:00'),
(684, 656, 9.20, '2010-04-27', 2, 4, '2010-04-27 14:35:58', '0000-00-00 00:00:00'),
(685, 657, 60.00, '2010-04-30', 2, 2, '2010-05-01 02:10:06', '0000-00-00 00:00:00'),
(686, 658, 150.00, '2010-04-30', 1, 4, '2010-05-01 02:11:33', '0000-00-00 00:00:00'),
(687, 659, 5.50, '2010-04-30', 1, 4, '2010-05-01 02:12:28', '0000-00-00 00:00:00'),
(688, 660, 5.50, '2010-04-30', 1, 4, '2010-05-01 02:12:28', '0000-00-00 00:00:00'),
(689, 661, 9.80, '2010-05-03', 2, 2, '2010-05-03 09:22:16', '0000-00-00 00:00:00'),
(690, 662, 37.55, '2010-05-05', 1, 2, '2010-05-05 11:28:07', '0000-00-00 00:00:00'),
(691, 663, 6.60, '2010-05-07', 2, 2, '2010-05-07 13:10:29', '0000-00-00 00:00:00'),
(692, 664, 10.40, '2010-05-07', 2, 2, '2010-05-07 13:11:35', '0000-00-00 00:00:00'),
(693, 665, 9.60, '2010-05-05', 1, 4, '2010-05-07 13:13:36', '0000-00-00 00:00:00'),
(694, 666, 9.60, '2010-05-05', 1, 4, '2010-05-07 13:13:37', '0000-00-00 00:00:00'),
(695, 667, 92.00, '2010-05-06', 1, 3, '2010-05-09 03:29:18', '0000-00-00 00:00:00'),
(696, 668, 16.40, '2010-05-10', 2, 2, '2010-05-11 02:00:10', '0000-00-00 00:00:00'),
(697, 669, 18.35, '2010-05-13', 2, 2, '2010-05-13 06:56:40', '0000-00-00 00:00:00'),
(698, 670, 15.00, '2010-05-15', 1, 2, '2010-05-17 02:01:38', '0000-00-00 00:00:00'),
(699, 671, 280.00, '2010-05-17', 1, 4, '2010-05-17 09:40:24', '0000-00-00 00:00:00'),
(700, 672, 71.08, '2010-05-17', 1, 2, '2010-05-17 09:41:23', '0000-00-00 00:00:00'),
(701, 673, 10.55, '2010-05-17', 2, 2, '2010-05-17 09:42:00', '0000-00-00 00:00:00'),
(702, 675, 11.00, '2010-05-18', 1, 4, '2010-05-19 10:51:41', '0000-00-00 00:00:00'),
(703, 675, 5.00, '2010-05-18', 2, 4, '2010-05-19 10:52:02', '0000-00-00 00:00:00'),
(704, 676, 16.00, '2010-05-18', 1, 4, '2010-05-19 10:53:57', '0000-00-00 00:00:00'),
(705, 677, 105.00, '2010-05-20', 2, 6, '2010-05-21 06:50:36', '0000-00-00 00:00:00'),
(706, 678, 70.00, '2010-05-20', 1, 4, '2010-05-21 06:52:26', '0000-00-00 00:00:00'),
(707, 679, 29.00, '2010-05-21', 2, 2, '2010-05-21 15:00:46', '0000-00-00 00:00:00'),
(708, 680, 3.60, '2010-05-21', 2, 2, '2010-05-21 15:02:25', '0000-00-00 00:00:00'),
(709, 681, 67.00, '2010-05-23', 2, 6, '2010-05-23 16:31:23', '0000-00-00 00:00:00'),
(710, 682, 17.00, '2010-05-22', 1, 4, '2010-05-23 16:32:10', '0000-00-00 00:00:00'),
(711, 683, 18.00, '2010-05-22', 2, 2, '2010-05-24 11:06:13', '0000-00-00 00:00:00'),
(712, 684, 58.00, '2010-05-26', 2, 2, '2010-05-27 05:37:05', '0000-00-00 00:00:00'),
(713, 685, 5.92, '2010-05-27', 2, 2, '2010-05-28 03:04:43', '0000-00-00 00:00:00'),
(714, 686, 7.00, '2010-05-27', 2, 2, '2010-05-28 03:06:22', '0000-00-00 00:00:00'),
(715, 687, 59.00, '2010-05-27', 2, 1, '2010-05-28 03:07:21', '0000-00-00 00:00:00'),
(716, 688, 9.00, '2010-05-28', 1, 4, '2010-05-28 03:13:58', '0000-00-00 00:00:00'),
(717, 689, 5.00, '2010-05-28', 2, 6, '2010-05-28 03:14:41', '0000-00-00 00:00:00'),
(718, 690, 110.00, '2010-05-28', 1, 4, '2010-05-28 03:15:22', '0000-00-00 00:00:00'),
(719, 691, 30.00, '2010-05-29', 2, 2, '2010-05-31 03:59:07', '0000-00-00 00:00:00'),
(720, 692, 24.50, '2010-05-29', 1, 2, '2010-05-31 04:01:51', '0000-00-00 00:00:00'),
(721, 693, 10.40, '2010-05-29', 1, 2, '2010-05-31 04:05:56', '0000-00-00 00:00:00'),
(722, 694, 11.50, '2010-06-01', 2, 4, '2010-06-01 06:18:47', '0000-00-00 00:00:00'),
(723, 695, 5.50, '2010-06-02', 1, 4, '2010-06-03 07:46:47', '0000-00-00 00:00:00'),
(724, 696, 55.00, '2010-06-03', 2, 4, '2010-06-03 07:50:02', '0000-00-00 00:00:00'),
(725, 697, 32.00, '2010-05-29', 1, 2, '2010-06-03 07:50:54', '0000-00-00 00:00:00'),
(726, 698, 12.55, '2010-06-03', 2, 2, '2010-06-03 13:28:35', '0000-00-00 00:00:00'),
(727, 699, 50.00, '2010-05-29', 1, 2, '2010-06-03 13:30:14', '0000-00-00 00:00:00'),
(728, 700, 16.00, '2010-06-04', 2, 2, '2010-06-04 11:20:58', '0000-00-00 00:00:00'),
(729, 701, 30.00, '2010-06-04', 2, 2, '2010-06-04 11:21:49', '0000-00-00 00:00:00'),
(730, 702, 9.20, '2010-05-27', 2, 4, '2010-06-04 11:25:03', '0000-00-00 00:00:00'),
(731, 703, 12.65, '2010-06-05', 2, 2, '2010-06-06 12:55:56', '0000-00-00 00:00:00'),
(732, 704, 21.00, '2010-06-06', 1, 5, '2010-06-06 12:57:12', '0000-00-00 00:00:00'),
(733, 705, 30.00, '2010-06-06', 1, 5, '2010-06-06 12:57:59', '0000-00-00 00:00:00'),
(734, 706, 20.00, '2010-06-06', 1, 2, '2010-06-06 12:58:24', '0000-00-00 00:00:00'),
(735, 707, 33.12, '2010-06-06', 1, 5, '2010-06-06 14:25:01', '0000-00-00 00:00:00'),
(736, 708, 16.80, '2010-06-07', 1, 5, '2010-06-08 01:29:03', '0000-00-00 00:00:00'),
(737, 709, 6.00, '2010-06-07', 2, 4, '2010-06-08 01:30:07', '0000-00-00 00:00:00'),
(738, 710, 3.00, '2010-06-07', 1, 4, '2010-06-08 01:31:05', '0000-00-00 00:00:00'),
(739, 711, 2.00, '2010-06-07', 2, 4, '2010-06-08 01:31:57', '0000-00-00 00:00:00'),
(740, 712, 7.50, '2010-06-08', 2, 4, '2010-06-09 02:17:52', '0000-00-00 00:00:00'),
(741, 713, 28.00, '2010-06-09', 2, 2, '2010-06-09 08:26:21', '0000-00-00 00:00:00'),
(742, 714, 22.50, '2010-06-09', 1, 4, '2010-06-10 04:50:42', '0000-00-00 00:00:00'),
(743, 715, 37.00, '2010-06-12', 2, 2, '2010-06-14 01:47:56', '0000-00-00 00:00:00'),
(744, 716, 15.00, '2010-06-12', 2, 2, '2010-06-14 01:48:39', '0000-00-00 00:00:00'),
(745, 717, 20.00, '2010-06-12', 2, 4, '2010-06-14 01:49:20', '0000-00-00 00:00:00'),
(746, 718, -40.00, '2010-06-14', 2, 2, '2010-06-14 15:37:47', '0000-00-00 00:00:00'),
(747, 718, 40.00, '2010-06-14', 2, 4, '2010-06-14 15:37:47', '0000-00-00 00:00:00'),
(748, 719, 55.00, '2010-06-17', 2, 2, '2010-06-17 09:39:10', '0000-00-00 00:00:00'),
(749, 720, 148.00, '2010-06-17', 2, 2, '2010-06-17 09:39:41', '0000-00-00 00:00:00'),
(750, 721, 17.00, '2010-06-16', 2, 4, '2010-06-17 09:40:22', '0000-00-00 00:00:00'),
(751, 722, 5.00, '2010-06-17', 2, 4, '2010-06-17 09:40:50', '0000-00-00 00:00:00'),
(752, 723, 4.00, '2010-06-16', 2, 4, '2010-06-17 09:41:24', '0000-00-00 00:00:00'),
(753, 724, 25.00, '2010-06-17', 1, 5, '2010-06-17 09:41:57', '0000-00-00 00:00:00'),
(754, 725, 7.40, '2010-06-20', 2, 2, '2010-06-21 02:40:24', '0000-00-00 00:00:00'),
(755, 726, 63.00, '2010-06-19', 1, 5, '2010-06-21 02:42:38', '0000-00-00 00:00:00'),
(756, 727, 7.50, '2010-06-18', 1, 4, '2010-06-21 02:43:28', '0000-00-00 00:00:00'),
(757, 728, 23.60, '2010-06-21', 2, 2, '2010-06-21 06:51:53', '0000-00-00 00:00:00'),
(758, 729, 41.82, '2010-06-23', 2, 2, '2010-06-24 03:12:10', '0000-00-00 00:00:00'),
(759, 730, 14.00, '2010-06-23', 2, 2, '2010-06-24 03:12:49', '0000-00-00 00:00:00'),
(760, 731, 75.87, '2010-06-24', 2, 3, '2010-06-24 03:16:05', '0000-00-00 00:00:00'),
(761, 732, 83.00, '2010-06-24', 2, 6, '2010-06-24 04:01:34', '0000-00-00 00:00:00'),
(762, 733, 21.00, '2010-06-24', 2, 3, '2010-06-24 04:02:43', '0000-00-00 00:00:00'),
(763, 734, 86.87, '2010-06-24', 2, 3, '2010-06-25 02:13:59', '0000-00-00 00:00:00'),
(764, 735, 113.24, '2010-06-04', 1, 5, '2010-06-25 02:25:23', '0000-00-00 00:00:00'),
(765, 736, 20.00, '2010-06-24', 2, 4, '2010-06-25 02:39:32', '0000-00-00 00:00:00'),
(766, 737, 11.50, '2010-06-24', 2, 2, '2010-06-25 02:40:21', '0000-00-00 00:00:00'),
(767, 738, 100.00, '2010-06-25', 1, 4, '2010-06-27 04:22:43', '0000-00-00 00:00:00'),
(768, 738, 10.00, '2010-06-25', 2, 4, '2010-06-27 04:23:41', '0000-00-00 00:00:00'),
(769, 739, -20.00, '2010-06-25', 2, 2, '2010-06-28 03:08:59', '0000-00-00 00:00:00'),
(770, 739, 20.00, '2010-06-25', 2, 4, '2010-06-28 03:08:59', '0000-00-00 00:00:00'),
(771, 740, 71.90, '2010-06-28', 2, 2, '2010-06-29 09:02:01', '0000-00-00 00:00:00'),
(772, 741, 22.30, '2010-06-28', 2, 2, '2010-06-29 09:02:29', '0000-00-00 00:00:00'),
(773, 742, 10.00, '2010-06-27', 1, 4, '2010-06-29 09:22:36', '0000-00-00 00:00:00'),
(774, 743, 25.00, '2010-06-30', 2, 4, '2010-07-05 16:21:58', '0000-00-00 00:00:00'),
(775, 744, 20.00, '2010-07-01', 2, 4, '2010-07-05 16:22:37', '0000-00-00 00:00:00'),
(776, 745, -50.00, '2010-06-30', 2, 4, '2010-07-05 16:22:59', '0000-00-00 00:00:00'),
(777, 745, 50.00, '2010-06-30', 2, 4, '2010-07-05 16:22:59', '0000-00-00 00:00:00'),
(778, 746, 40.00, '2010-07-02', 1, 4, '2010-07-05 16:23:37', '0000-00-00 00:00:00'),
(779, 747, 13.50, '2010-07-04', 1, 4, '2010-07-05 16:24:45', '0000-00-00 00:00:00'),
(780, 748, 8.00, '2010-07-04', 1, 4, '2010-07-05 16:25:42', '0000-00-00 00:00:00'),
(781, 749, 27.30, '2010-07-05', 2, 2, '2010-07-05 16:26:35', '0000-00-00 00:00:00'),
(782, 750, 10.00, '2010-07-04', 1, 4, '2010-07-05 16:27:14', '0000-00-00 00:00:00'),
(783, 751, -50.00, '2010-07-06', 2, 2, '2010-07-07 02:45:49', '0000-00-00 00:00:00'),
(784, 751, 50.00, '2010-07-06', 2, 4, '2010-07-07 02:45:49', '0000-00-00 00:00:00'),
(785, 752, 17.80, '2010-07-06', 2, 4, '2010-07-07 02:47:41', '0000-00-00 00:00:00'),
(786, 753, 12.00, '2010-07-07', 2, 4, '2010-07-08 02:48:36', '0000-00-00 00:00:00'),
(787, 754, 90.00, '2010-07-07', 1, 5, '2010-07-08 02:49:17', '0000-00-00 00:00:00'),
(788, 755, 46.40, '2010-07-07', 1, 5, '2010-07-08 02:50:03', '0000-00-00 00:00:00'),
(789, 756, 10.50, '2010-07-08', 2, 2, '2010-07-08 15:34:52', '0000-00-00 00:00:00'),
(790, 757, 4.50, '2010-07-08', 2, 4, '2010-07-08 15:36:09', '0000-00-00 00:00:00'),
(791, 758, 3.00, '2010-07-08', 2, 4, '2010-07-08 15:36:50', '0000-00-00 00:00:00'),
(792, 759, 37.00, '2010-07-12', 2, 2, '2010-07-15 11:10:31', '0000-00-00 00:00:00'),
(793, 760, 31.20, '2010-07-12', 2, 2, '2010-07-15 11:11:06', '0000-00-00 00:00:00'),
(794, 761, 22.00, '2010-07-09', 1, 5, '2010-07-15 11:11:45', '0000-00-00 00:00:00'),
(795, 762, 120.00, '2010-07-11', 1, 4, '2010-07-15 11:12:20', '0000-00-00 00:00:00'),
(796, 763, 42.00, '2010-07-10', 1, 4, '2010-07-15 11:13:37', '0000-00-00 00:00:00'),
(797, 764, 16.00, '2010-07-11', 1, 4, '2010-07-15 11:14:36', '0000-00-00 00:00:00'),
(798, 765, 5.00, '2010-07-11', 1, 4, '2010-07-15 11:15:18', '0000-00-00 00:00:00'),
(799, 766, 6.00, '2010-07-11', 2, 4, '2010-07-15 11:15:53', '0000-00-00 00:00:00'),
(800, 767, 18.00, '2010-07-19', 2, 4, '2010-07-22 01:58:46', '0000-00-00 00:00:00'),
(801, 768, 14.00, '2010-07-21', 2, 5, '2010-07-22 01:59:31', '0000-00-00 00:00:00'),
(802, 769, 34.50, '2010-07-21', 1, 5, '2010-07-22 02:00:09', '0000-00-00 00:00:00'),
(803, 770, 52.00, '2010-07-21', 1, 5, '2010-07-22 02:01:28', '0000-00-00 00:00:00'),
(804, 771, 34.50, '2010-07-22', 1, 5, '2010-07-23 02:16:04', '0000-00-00 00:00:00'),
(805, 772, 50.00, '2010-07-17', 3, 5, '2010-07-23 03:32:09', '0000-00-00 00:00:00'),
(806, 773, 15.00, '2010-07-17', 1, 5, '2010-07-23 03:33:52', '0000-00-00 00:00:00'),
(807, 774, 17.00, '2010-07-23', 1, 2, '2010-07-23 10:32:05', '0000-00-00 00:00:00'),
(808, 775, 9.00, '2010-07-23', 2, 2, '2010-07-23 10:32:41', '0000-00-00 00:00:00'),
(809, 776, 17.00, '2010-07-23', 2, 2, '2010-07-23 10:33:20', '0000-00-00 00:00:00'),
(810, 777, 17.00, '2010-07-23', 2, 2, '2010-07-23 10:34:09', '0000-00-00 00:00:00'),
(811, 778, 30.00, '2010-08-02', 2, 2, '2010-08-02 15:51:56', '0000-00-00 00:00:00'),
(812, 779, 40.00, '2010-07-24', 2, 2, '2010-08-02 15:53:02', '0000-00-00 00:00:00'),
(813, 780, 13.30, '2010-07-24', 2, 2, '2010-08-02 15:54:12', '0000-00-00 00:00:00'),
(814, 781, 31.20, '2010-07-24', 2, 2, '2010-08-02 15:55:16', '0000-00-00 00:00:00'),
(815, 782, 30.00, '2010-07-20', 2, 2, '2010-08-02 15:56:21', '0000-00-00 00:00:00'),
(816, 783, 391.93, '2010-07-25', 3, 5, '2010-08-02 16:34:06', '0000-00-00 00:00:00'),
(817, 784, 151.47, '2010-07-24', 3, 5, '2010-08-02 16:35:28', '0000-00-00 00:00:00'),
(818, 785, 51.38, '2010-07-24', 3, 5, '2010-08-02 16:36:01', '0000-00-00 00:00:00'),
(819, 786, 96.79, '2010-07-31', 3, 5, '2010-08-02 16:37:35', '0000-00-00 00:00:00'),
(820, 787, 17.43, '2010-07-24', 3, 5, '2010-08-02 16:38:28', '0000-00-00 00:00:00'),
(821, 788, 302.20, '2010-07-24', 1, 5, '2010-08-02 16:39:31', '0000-00-00 00:00:00'),
(822, 788, 434.38, '2010-07-24', 2, 5, '2010-08-02 16:40:30', '0000-00-00 00:00:00'),
(823, 789, 10.00, '2010-07-23', 1, 4, '2010-08-04 09:20:02', '0000-00-00 00:00:00'),
(824, 789, 100.00, '2010-07-23', 2, 4, '2010-08-04 09:20:45', '0000-00-00 00:00:00'),
(825, 790, 205.00, '2010-08-04', 2, 2, '2010-08-04 09:21:36', '0000-00-00 00:00:00'),
(826, 791, 9.00, '2010-08-04', 2, 4, '2010-08-04 09:22:17', '0000-00-00 00:00:00'),
(827, 792, -60.00, '2010-08-04', 2, 2, '2010-08-05 04:58:29', '0000-00-00 00:00:00'),
(828, 792, 60.00, '2010-08-04', 2, 4, '2010-08-05 04:58:29', '0000-00-00 00:00:00'),
(829, 793, 14.00, '2010-08-05', 2, 4, '2010-08-05 04:59:18', '0000-00-00 00:00:00'),
(830, 794, 10.00, '2010-08-06', 2, 4, '2010-08-06 05:47:24', '0000-00-00 00:00:00'),
(831, 795, 21.00, '2010-08-06', 2, 4, '2010-08-06 05:47:57', '0000-00-00 00:00:00'),
(832, 796, 22.20, '2010-08-06', 2, 2, '2010-08-06 05:48:25', '0000-00-00 00:00:00'),
(833, 797, 17.20, '2010-08-23', 2, 5, '2010-08-26 08:37:48', '0000-00-00 00:00:00'),
(834, 798, 6.75, '2010-08-25', 2, 2, '2010-08-26 08:38:22', '0000-00-00 00:00:00'),
(835, 799, 35.45, '2010-08-26', 2, 5, '2010-08-27 04:23:37', '0000-00-00 00:00:00'),
(836, 800, 19.00, '2010-08-26', 2, 2, '2010-08-27 04:24:30', '0000-00-00 00:00:00'),
(837, 801, 7.30, '2010-08-30', 2, 2, '2010-08-30 10:12:31', '0000-00-00 00:00:00'),
(838, 802, -50.00, '2010-08-27', 2, 2, '2010-08-31 03:23:01', '0000-00-00 00:00:00'),
(839, 802, 50.00, '2010-08-27', 2, 4, '2010-08-31 03:23:01', '0000-00-00 00:00:00'),
(840, 803, 9.00, '2010-09-02', 2, 5, '2010-09-02 08:34:50', '0000-00-00 00:00:00'),
(841, 804, 15.00, '2010-08-31', 2, 4, '2010-09-02 08:36:47', '0000-00-00 00:00:00'),
(842, 805, 12.00, '2010-08-31', 2, 2, '2010-09-02 08:39:32', '0000-00-00 00:00:00'),
(843, 806, 13.00, '2010-09-02', 2, 5, '2010-09-02 08:40:45', '0000-00-00 00:00:00'),
(844, 807, 61.42, '2010-09-02', 2, 5, '2010-09-02 08:41:41', '0000-00-00 00:00:00'),
(845, 808, 10.00, '2010-09-02', 2, 4, '2010-09-02 08:46:37', '0000-00-00 00:00:00'),
(846, 809, 18.00, '2010-09-02', 2, 4, '2010-09-03 04:09:35', '0000-00-00 00:00:00'),
(847, 810, 80.00, '2010-09-04', 1, 5, '2010-09-06 04:28:08', '0000-00-00 00:00:00'),
(848, 811, 24.00, '2010-09-05', 1, 5, '2010-09-06 04:28:39', '0000-00-00 00:00:00'),
(849, 812, 11.50, '2010-09-08', 2, 5, '2010-09-08 06:56:53', '0000-00-00 00:00:00'),
(850, 813, 40.00, '2010-09-08', 2, 5, '2010-09-08 06:57:55', '0000-00-00 00:00:00'),
(851, 814, 5.00, '2010-09-16', 2, 2, '2010-09-17 04:13:33', '0000-00-00 00:00:00'),
(852, 815, 12.00, '2010-09-17', 2, 5, '2010-09-17 08:45:44', '0000-00-00 00:00:00'),
(853, 816, 5.00, '2010-09-17', 2, 5, '2010-09-17 08:47:00', '0000-00-00 00:00:00'),
(854, 817, 62.00, '2010-09-17', 2, 5, '2010-09-17 08:48:14', '0000-00-00 00:00:00'),
(855, 818, 10.00, '2010-09-17', 2, 4, '2010-09-17 10:44:59', '0000-00-00 00:00:00'),
(856, 819, 87.00, '2010-09-19', 1, 5, '2010-09-20 02:19:58', '0000-00-00 00:00:00'),
(857, 820, 8.50, '2010-09-19', 2, 2, '2010-09-20 02:20:38', '0000-00-00 00:00:00'),
(858, 821, 15.00, '2010-09-21', 2, 2, '2010-09-23 10:07:53', '0000-00-00 00:00:00'),
(859, 822, 9.20, '2010-09-23', 2, 2, '2010-09-23 10:08:46', '0000-00-00 00:00:00'),
(860, 823, 7.00, '2010-09-23', 2, 4, '2010-09-23 10:09:50', '0000-00-00 00:00:00'),
(861, 824, 5.00, '2010-09-22', 2, 4, '2010-09-23 10:10:28', '0000-00-00 00:00:00'),
(862, 825, 17.00, '2010-09-25', 1, 4, '2010-09-27 14:08:12', '0000-00-00 00:00:00'),
(863, 826, 50.00, '2010-09-26', 1, 2, '2010-09-27 14:08:48', '0000-00-00 00:00:00'),
(864, 827, 3.80, '2010-09-27', 2, 4, '2010-09-27 14:10:18', '0000-00-00 00:00:00'),
(865, 828, 5.00, '2010-09-26', 2, 4, '2010-09-27 14:11:09', '0000-00-00 00:00:00'),
(866, 829, 5.00, '2010-09-26', 2, 4, '2010-09-27 14:11:46', '0000-00-00 00:00:00'),
(867, 830, 10.00, '2010-09-28', 2, 4, '2010-09-29 16:18:16', '0000-00-00 00:00:00'),
(868, 831, 10.00, '2010-09-29', 2, 2, '2010-09-29 16:19:08', '0000-00-00 00:00:00'),
(869, 832, 14.50, '2010-09-28', 2, 2, '2010-09-29 16:20:27', '0000-00-00 00:00:00'),
(870, 833, 6.00, '2010-09-28', 2, 4, '2010-09-29 16:22:16', '0000-00-00 00:00:00'),
(871, 834, 4.00, '2010-09-29', 2, 4, '2010-09-29 16:23:51', '0000-00-00 00:00:00'),
(872, 835, 5.00, '2010-09-28', 2, 4, '2010-09-29 16:24:53', '0000-00-00 00:00:00'),
(873, 836, 21.00, '2010-10-01', 2, 5, '2010-10-03 16:45:40', '0000-00-00 00:00:00'),
(874, 837, 71.50, '2010-10-01', 2, 5, '2010-10-03 16:46:18', '0000-00-00 00:00:00'),
(875, 838, 9.00, '2010-10-01', 2, 2, '2010-10-03 16:46:52', '0000-00-00 00:00:00'),
(876, 839, 23.00, '2010-10-01', 1, 4, '2010-10-03 16:47:24', '0000-00-00 00:00:00'),
(877, 839, 60.00, '2010-10-01', 2, 4, '2010-10-03 16:47:53', '0000-00-00 00:00:00'),
(878, 840, 7.00, '2010-10-02', 1, 4, '2010-10-03 16:48:32', '0000-00-00 00:00:00'),
(879, 841, 60.00, '2010-10-04', 2, 5, '2010-10-05 03:56:45', '0000-00-00 00:00:00'),
(880, 842, 17.00, '2010-10-04', 2, 5, '2010-10-05 03:57:22', '0000-00-00 00:00:00'),
(881, 843, 18.00, '2010-10-01', 2, 6, '2010-10-05 16:48:56', '0000-00-00 00:00:00'),
(882, 844, 125.00, '2010-10-05', 2, 5, '2010-10-05 16:50:11', '0000-00-00 00:00:00'),
(883, 845, 70.00, '2010-10-05', 2, 5, '2010-10-05 16:50:47', '0000-00-00 00:00:00'),
(884, 846, 25.00, '2010-10-05', 2, 5, '2010-10-05 16:51:22', '0000-00-00 00:00:00'),
(885, 847, 27.00, '2010-10-05', 2, 5, '2010-10-05 16:51:48', '0000-00-00 00:00:00'),
(886, 848, 13.60, '2010-10-05', 2, 2, '2010-10-05 16:52:30', '0000-00-00 00:00:00'),
(887, 849, 17.00, '2010-10-05', 2, 5, '2010-10-05 16:53:11', '0000-00-00 00:00:00'),
(888, 850, 16.00, '2010-10-05', 2, 4, '2010-10-05 16:54:13', '0000-00-00 00:00:00'),
(889, 851, 18.60, '2010-10-07', 2, 2, '2010-10-07 16:34:26', '0000-00-00 00:00:00'),
(890, 852, 5.70, '2010-10-04', 2, 2, '2010-10-08 08:53:31', '0000-00-00 00:00:00'),
(891, 853, 50.00, '2010-10-09', 2, 5, '2010-10-09 10:50:42', '0000-00-00 00:00:00'),
(892, 854, 74.00, '2010-10-10', 1, 4, '2010-10-11 16:50:43', '0000-00-00 00:00:00'),
(893, 855, 6.00, '2010-10-10', 2, 4, '2010-10-11 16:52:25', '0000-00-00 00:00:00'),
(894, 856, -200.00, '2010-10-11', 2, 2, '2010-10-11 16:52:56', '0000-00-00 00:00:00'),
(895, 856, 200.00, '2010-10-11', 2, 4, '2010-10-11 16:52:56', '0000-00-00 00:00:00'),
(896, 857, 100.00, '2010-10-11', 2, 4, '2010-10-11 16:53:38', '0000-00-00 00:00:00'),
(897, 858, 37.50, '2010-10-11', 1, 5, '2010-10-12 15:53:00', '0000-00-00 00:00:00'),
(898, 859, 20.00, '2010-10-11', 2, 4, '2010-10-12 15:53:30', '0000-00-00 00:00:00'),
(899, 860, 103.00, '2010-10-13', 2, 5, '2010-10-12 16:12:42', '0000-00-00 00:00:00'),
(900, 861, 103.00, '2010-10-13', 2, 5, '2010-10-12 16:13:31', '0000-00-00 00:00:00'),
(901, 862, 5.00, '2010-10-14', 2, 2, '2010-10-14 15:31:14', '0000-00-00 00:00:00'),
(902, 863, 14.50, '2010-10-15', 2, 5, '2010-10-15 12:48:11', '0000-00-00 00:00:00'),
(903, 864, 19.80, '2010-10-15', 2, 5, '2010-10-15 12:49:13', '0000-00-00 00:00:00'),
(904, 865, 31.00, '2010-10-18', 2, 2, '2010-10-18 13:45:58', '0000-00-00 00:00:00'),
(905, 866, 50.00, '2010-10-16', 2, 4, '2010-10-18 13:48:39', '0000-00-00 00:00:00'),
(906, 866, 10.00, '2010-10-18', 1, 4, '2010-10-18 13:49:26', '0000-00-00 00:00:00'),
(907, 867, 25.00, '2010-10-16', 2, 4, '2010-10-18 13:51:01', '0000-00-00 00:00:00'),
(908, 867, 29.00, '2010-10-16', 1, 4, '2010-10-18 13:52:36', '0000-00-00 00:00:00'),
(909, 868, 100.00, '2010-10-17', 1, 5, '2010-10-18 13:54:13', '0000-00-00 00:00:00'),
(910, 869, 10.00, '2010-10-17', 1, 4, '2010-10-18 13:55:07', '0000-00-00 00:00:00'),
(911, 870, 10.00, '2010-10-17', 1, 4, '2010-10-18 13:56:18', '0000-00-00 00:00:00'),
(912, 871, 5.00, '2010-10-18', 2, 4, '2010-10-18 13:58:28', '0000-00-00 00:00:00'),
(913, 872, 17.20, '2010-10-20', 2, 5, '2010-10-19 16:03:14', '0000-00-00 00:00:00'),
(914, 873, 50.00, '2010-10-19', 2, 4, '2010-10-19 16:04:26', '0000-00-00 00:00:00'),
(915, 874, 80.00, '2010-10-21', 2, 5, '2010-10-21 08:07:20', '0000-00-00 00:00:00'),
(916, 875, 10.00, '2010-10-21', 2, 5, '2010-10-21 08:07:59', '0000-00-00 00:00:00'),
(917, 876, 32.00, '2010-10-23', 2, 5, '2010-10-25 10:31:47', '0000-00-00 00:00:00'),
(918, 877, 8.50, '2010-10-24', 2, 5, '2010-10-25 10:32:39', '0000-00-00 00:00:00'),
(919, 878, 3.80, '2010-10-25', 2, 4, '2010-10-25 10:33:29', '0000-00-00 00:00:00'),
(920, 879, 20.00, '2010-10-28', 2, 4, '2010-10-28 16:40:47', '0000-00-00 00:00:00'),
(921, 880, 46.00, '2010-10-28', 1, 5, '2010-10-28 16:41:30', '0000-00-00 00:00:00'),
(922, 881, 28.00, '2010-10-28', 2, 5, '2010-10-28 16:42:06', '0000-00-00 00:00:00'),
(923, 882, 52.00, '2010-10-28', 2, 2, '2010-10-28 16:42:39', '0000-00-00 00:00:00'),
(924, 883, 18.00, '2010-10-29', 2, 5, '2010-10-29 18:02:26', '0000-00-00 00:00:00'),
(925, 884, 6.00, '2010-10-29', 2, 5, '2010-10-29 18:03:19', '0000-00-00 00:00:00'),
(926, 885, 198.00, '2010-11-02', 2, 5, '2010-11-02 11:02:20', '0000-00-00 00:00:00'),
(927, 886, 72.00, '2010-11-01', 2, 2, '2010-11-02 11:03:20', '0000-00-00 00:00:00'),
(928, 887, 13.50, '2010-11-02', 2, 2, '2010-11-02 11:03:57', '0000-00-00 00:00:00'),
(929, 888, 100.00, '2010-10-31', 1, 5, '2010-11-02 11:05:07', '0000-00-00 00:00:00'),
(930, 889, 26.00, '2010-11-01', 1, 5, '2010-11-02 11:06:25', '0000-00-00 00:00:00'),
(931, 890, 60.00, '2010-10-31', 1, 5, '2010-11-02 11:07:12', '0000-00-00 00:00:00'),
(932, 891, 72.00, '2010-11-01', 2, 2, '2010-11-02 11:08:38', '0000-00-00 00:00:00'),
(933, 892, 30.00, '2010-10-30', 2, 2, '2010-11-02 11:09:43', '0000-00-00 00:00:00'),
(934, 893, -50.00, '2010-11-04', 2, 2, '2010-11-05 15:49:09', '0000-00-00 00:00:00'),
(935, 893, 50.00, '2010-11-04', 2, 4, '2010-11-05 15:49:09', '0000-00-00 00:00:00'),
(936, 894, 7.75, '2010-11-04', 2, 4, '2010-11-05 15:49:52', '0000-00-00 00:00:00'),
(937, 895, 7.60, '2010-11-05', 2, 4, '2010-11-05 15:52:08', '0000-00-00 00:00:00'),
(938, 896, 15.25, '2010-11-08', 3, 5, '2010-11-09 08:01:17', '0000-00-00 00:00:00'),
(939, 897, 14.00, '2010-11-09', 2, 5, '2010-11-09 08:01:53', '0000-00-00 00:00:00'),
(940, 898, 4.00, '2010-11-09', 2, 4, '2010-11-09 08:02:25', '0000-00-00 00:00:00'),
(941, 899, -60.00, '2010-11-08', 2, 2, '2010-11-09 08:03:04', '0000-00-00 00:00:00'),
(942, 899, 60.00, '2010-11-08', 2, 4, '2010-11-09 08:03:04', '0000-00-00 00:00:00'),
(943, 900, 217.00, '2010-11-07', 1, 5, '2010-11-09 08:03:59', '0000-00-00 00:00:00'),
(944, 901, 217.00, '2010-11-07', 1, 5, '2010-11-09 08:04:27', '0000-00-00 00:00:00'),
(945, 902, 21.50, '2010-11-10', 2, 5, '2010-11-11 11:39:00', '0000-00-00 00:00:00'),
(946, 903, 50.00, '2010-11-11', 2, 5, '2010-11-11 11:40:12', '0000-00-00 00:00:00'),
(947, 904, 13.50, '2010-11-09', 2, 5, '2010-11-11 11:43:08', '0000-00-00 00:00:00'),
(948, 905, 10.00, '2010-11-12', 2, 2, '2010-11-12 11:21:27', '0000-00-00 00:00:00'),
(949, 906, 6.00, '2010-11-15', 2, 4, '2010-11-16 04:13:22', '0000-00-00 00:00:00'),
(950, 907, 3.60, '2010-11-15', 2, 4, '2010-11-16 04:14:20', '0000-00-00 00:00:00'),
(951, 908, 5.00, '2010-11-15', 2, 4, '2010-11-16 04:14:56', '0000-00-00 00:00:00'),
(952, 909, 10.77, '2010-11-17', 2, 2, '2010-11-17 13:03:35', '0000-00-00 00:00:00'),
(953, 910, 10.00, '2010-11-17', 2, 2, '2010-11-17 13:04:29', '0000-00-00 00:00:00'),
(954, 911, 5.70, '2010-11-18', 2, 4, '2010-11-19 08:37:45', '0000-00-00 00:00:00'),
(955, 912, 20.00, '2010-11-19', 2, 2, '2010-11-19 08:38:26', '0000-00-00 00:00:00'),
(956, 913, 33.00, '2010-11-20', 2, 4, '2010-11-23 08:14:15', '0000-00-00 00:00:00'),
(957, 914, 45.00, '2010-11-20', 2, 5, '2010-11-23 08:16:18', '0000-00-00 00:00:00'),
(958, 915, 5.00, '2010-11-21', 2, 4, '2010-11-23 08:17:34', '0000-00-00 00:00:00'),
(959, 916, 27.00, '2010-11-20', 1, 4, '2010-11-23 08:18:59', '0000-00-00 00:00:00'),
(960, 917, 5.40, '2010-11-21', 1, 5, '2010-11-23 08:19:46', '0000-00-00 00:00:00'),
(961, 918, 23.00, '2010-11-21', 1, 4, '2010-11-23 08:20:19', '0000-00-00 00:00:00'),
(962, 919, 18.60, '2010-11-25', 2, 2, '2010-11-25 05:54:56', '0000-00-00 00:00:00'),
(963, 920, 9.25, '2010-11-23', 2, 2, '2010-11-25 05:55:55', '0000-00-00 00:00:00'),
(964, 921, 53.12, '2010-11-29', 2, 5, '2010-11-30 03:33:35', '0000-00-00 00:00:00'),
(965, 922, 10.00, '2010-11-29', 2, 2, '2010-11-30 03:34:20', '0000-00-00 00:00:00'),
(966, 923, 24.00, '2010-11-27', 1, 2, '2010-11-30 03:35:02', '0000-00-00 00:00:00'),
(967, 924, -100.00, '2010-11-29', 2, 2, '2010-11-30 03:35:21', '0000-00-00 00:00:00'),
(968, 924, 100.00, '2010-11-29', 2, 4, '2010-11-30 03:35:21', '0000-00-00 00:00:00'),
(969, 925, 90.00, '2010-11-29', 2, 4, '2010-11-30 03:36:03', '0000-00-00 00:00:00'),
(970, 926, 35.00, '2010-11-30', 2, 5, '2010-12-13 10:18:02', '0000-00-00 00:00:00'),
(971, 927, 52.00, '2010-12-03', 2, 5, '2010-12-13 10:19:10', '0000-00-00 00:00:00'),
(972, 928, 10.00, '2010-12-03', 2, 5, '2010-12-13 10:20:06', '0000-00-00 00:00:00'),
(973, 929, 22.00, '2010-12-05', 2, 5, '2010-12-13 10:20:57', '0000-00-00 00:00:00'),
(974, 930, 58.00, '2010-12-05', 2, 5, '2010-12-13 10:21:44', '0000-00-00 00:00:00'),
(975, 931, 7.55, '2010-12-06', 2, 5, '2010-12-13 10:22:39', '0000-00-00 00:00:00'),
(976, 932, 3.75, '2010-12-06', 2, 5, '2010-12-13 10:23:33', '0000-00-00 00:00:00'),
(977, 933, 58.76, '2010-12-06', 2, 5, '2010-12-13 10:24:13', '0000-00-00 00:00:00'),
(978, 934, 2.65, '2010-12-07', 2, 5, '2010-12-13 10:25:06', '0000-00-00 00:00:00'),
(979, 935, 29.00, '2010-12-09', 2, 5, '2010-12-13 10:25:52', '0000-00-00 00:00:00'),
(980, 936, 9.75, '2010-12-09', 2, 5, '2010-12-13 10:26:25', '0000-00-00 00:00:00'),
(981, 937, 37.10, '2010-12-11', 2, 5, '2010-12-13 10:27:03', '0000-00-00 00:00:00'),
(982, 938, 82.60, '2010-12-11', 2, 5, '2010-12-13 10:27:41', '0000-00-00 00:00:00'),
(983, 939, 12.40, '2010-12-13', 2, 5, '2010-12-13 10:28:21', '0000-00-00 00:00:00'),
(984, 940, 7.50, '2010-12-01', 2, 5, '2010-12-13 10:30:15', '0000-00-00 00:00:00'),
(985, 941, 15.15, '2010-12-02', 2, 2, '2010-12-13 10:30:52', '0000-00-00 00:00:00'),
(986, 942, 15.00, '2010-12-02', 2, 2, '2010-12-13 10:32:07', '0000-00-00 00:00:00'),
(987, 943, 11.90, '2010-12-05', 2, 2, '2010-12-13 10:33:07', '0000-00-00 00:00:00'),
(988, 944, -60.00, '2010-12-02', 2, 2, '2010-12-13 10:34:19', '0000-00-00 00:00:00'),
(989, 944, 60.00, '2010-12-02', 2, 4, '2010-12-13 10:34:19', '0000-00-00 00:00:00'),
(990, 945, 6.00, '2010-12-13', 2, 4, '2010-12-13 10:34:46', '0000-00-00 00:00:00'),
(991, 946, 23.00, '2010-12-11', 1, 5, '2010-12-14 07:59:48', '0000-00-00 00:00:00'),
(992, 947, 21.54, '2010-12-11', 1, 5, '2010-12-14 08:08:16', '0000-00-00 00:00:00'),
(993, 948, 16.15, '2010-12-16', 2, 5, '2010-12-17 10:15:26', '0000-00-00 00:00:00'),
(994, 949, 4.00, '2010-12-17', 2, 5, '2010-12-17 10:16:07', '0000-00-00 00:00:00'),
(995, 950, 6.00, '2010-12-17', 2, 5, '2010-12-17 10:16:47', '0000-00-00 00:00:00'),
(996, 951, 12.00, '2010-12-15', 2, 2, '2010-12-17 10:18:10', '0000-00-00 00:00:00'),
(997, 952, 9.20, '2010-12-23', 2, 2, '2010-12-17 10:20:43', '0000-00-00 00:00:00'),
(998, 953, 3.80, '2010-12-17', 2, 4, '2010-12-17 10:21:23', '0000-00-00 00:00:00'),
(999, 954, 293.00, '2010-12-17', 2, 5, '2010-12-17 11:42:54', '0000-00-00 00:00:00'),
(1000, 955, 26.30, '2010-12-21', 2, 5, '2010-12-27 11:24:29', '0000-00-00 00:00:00'),
(1001, 956, 19.30, '2010-12-21', 2, 5, '2010-12-27 11:25:03', '0000-00-00 00:00:00'),
(1002, 957, 5.00, '2010-12-23', 2, 5, '2010-12-27 11:25:41', '0000-00-00 00:00:00'),
(1003, 958, 40.00, '2010-12-23', 2, 5, '2010-12-27 11:26:31', '0000-00-00 00:00:00'),
(1004, 959, 30.00, '2010-12-23', 2, 5, '2010-12-27 11:27:12', '0000-00-00 00:00:00'),
(1005, 960, 6.00, '2010-12-23', 2, 5, '2010-12-27 11:27:47', '0000-00-00 00:00:00'),
(1006, 961, 70.00, '2010-12-23', 2, 5, '2010-12-27 11:28:17', '0000-00-00 00:00:00'),
(1007, 962, 21.00, '2010-12-23', 2, 5, '2010-12-27 11:28:53', '0000-00-00 00:00:00'),
(1008, 963, -50.00, '2010-12-22', 2, 2, '2010-12-27 11:30:55', '0000-00-00 00:00:00'),
(1009, 963, 50.00, '2010-12-22', 2, 4, '2010-12-27 11:30:55', '0000-00-00 00:00:00'),
(1010, 964, 9.20, '2010-12-16', 2, 2, '2010-12-27 11:31:56', '0000-00-00 00:00:00'),
(1011, 965, 120.00, '2010-12-23', 2, 2, '2010-12-27 11:32:30', '0000-00-00 00:00:00'),
(1012, 966, 31.85, '2010-12-23', 2, 2, '2010-12-27 11:33:13', '0000-00-00 00:00:00'),
(1013, 967, 40.00, '2010-12-23', 1, 2, '2010-12-27 11:33:35', '0000-00-00 00:00:00'),
(1014, 968, 6.50, '2010-12-23', 1, 2, '2010-12-27 11:34:16', '0000-00-00 00:00:00'),
(1015, 969, 16.50, '2010-12-23', 2, 2, '2010-12-27 11:34:49', '0000-00-00 00:00:00'),
(1016, 970, 42.60, '2010-12-24', 2, 2, '2010-12-27 11:35:25', '0000-00-00 00:00:00'),
(1017, 971, 24.00, '2010-12-24', 2, 2, '2010-12-27 11:36:50', '0000-00-00 00:00:00'),
(1018, 972, 30.00, '2010-12-24', 1, 5, '2010-12-27 11:37:26', '0000-00-00 00:00:00'),
(1019, 973, 18.50, '2010-12-24', 1, 4, '2010-12-27 11:38:06', '0000-00-00 00:00:00'),
(1020, 974, 16.50, '2010-12-24', 1, 4, '2010-12-27 11:38:39', '0000-00-00 00:00:00'),
(1021, 975, 52.00, '2010-12-24', 1, 5, '2010-12-27 11:39:15', '0000-00-00 00:00:00'),
(1022, 976, 12.00, '2010-12-22', 1, 5, '2010-12-27 11:39:53', '0000-00-00 00:00:00'),
(1023, 977, 9.17, '2011-01-03', 2, 5, '2011-01-05 12:11:46', '0000-00-00 00:00:00'),
(1024, 978, 19.61, '2011-01-04', 2, 5, '2011-01-05 12:12:16', '0000-00-00 00:00:00'),
(1025, 979, 25.00, '2011-01-02', 1, 4, '2011-01-05 12:12:56', '0000-00-00 00:00:00'),
(1026, 980, 70.00, '2010-12-31', 1, 4, '2011-01-05 12:13:33', '0000-00-00 00:00:00'),
(1027, 981, 27.00, '2011-01-07', 2, 5, '2011-01-08 17:23:05', '0000-00-00 00:00:00'),
(1028, 982, 12.00, '2011-01-07', 2, 5, '2011-01-08 17:23:43', '0000-00-00 00:00:00'),
(1029, 983, 81.00, '2011-01-06', 2, 5, '2011-01-08 17:24:53', '0000-00-00 00:00:00'),
(1030, 984, 24.00, '2011-01-06', 2, 5, '2011-01-08 17:26:17', '0000-00-00 00:00:00'),
(1031, 985, 49.00, '2011-01-08', 2, 5, '2011-01-08 17:27:04', '0000-00-00 00:00:00'),
(1032, 986, 55.00, '2011-01-11', 2, 5, '2011-01-11 11:02:41', '0000-00-00 00:00:00'),
(1033, 987, 21.00, '2011-01-10', 1, 2, '2011-01-11 11:04:31', '0000-00-00 00:00:00'),
(1034, 988, 70.00, '2011-01-07', 1, 5, '2011-01-11 11:07:12', '0000-00-00 00:00:00'),
(1035, 989, 3.60, '2011-01-10', 2, 4, '2011-01-12 12:21:44', '0000-00-00 00:00:00'),
(1036, 990, 6.00, '2011-01-12', 2, 2, '2011-01-12 12:22:20', '0000-00-00 00:00:00'),
(1037, 991, 10.00, '2011-01-11', 2, 2, '2011-01-12 13:33:26', '0000-00-00 00:00:00'),
(1038, 992, 20.00, '2011-01-13', 2, 5, '2011-01-17 10:47:46', '0000-00-00 00:00:00'),
(1039, 993, 10.60, '2011-01-14', 2, 5, '2011-01-17 10:49:04', '0000-00-00 00:00:00'),
(1040, 994, 13.00, '2011-01-17', 2, 5, '2011-01-17 10:49:46', '0000-00-00 00:00:00'),
(1041, 995, 10.00, '2011-01-18', 2, 2, '2011-01-18 15:02:28', '0000-00-00 00:00:00'),
(1042, 996, 55.30, '2011-01-18', 2, 5, '2011-01-18 15:04:03', '0000-00-00 00:00:00'),
(1043, 997, 16.00, '2011-01-18', 2, 5, '2011-01-18 15:04:27', '0000-00-00 00:00:00'),
(1044, 998, 20.00, '2011-01-18', 2, 5, '2011-01-18 15:05:05', '0000-00-00 00:00:00'),
(1045, 999, 5.00, '2011-01-17', 2, 5, '2011-01-18 15:06:04', '0000-00-00 00:00:00'),
(1046, 1000, -80.00, '2011-01-18', 2, 2, '2011-01-18 15:06:23', '0000-00-00 00:00:00'),
(1047, 1000, 80.00, '2011-01-18', 2, 4, '2011-01-18 15:06:23', '0000-00-00 00:00:00'),
(1048, 1001, 7.00, '2011-01-18', 2, 4, '2011-01-21 11:47:48', '0000-00-00 00:00:00'),
(1049, 1002, 6.00, '2011-01-19', 2, 4, '2011-01-21 11:48:14', '0000-00-00 00:00:00'),
(1050, 1003, 9.20, '2011-01-19', 2, 2, '2011-01-21 11:49:21', '0000-00-00 00:00:00'),
(1051, 1004, 5.00, '2011-01-20', 2, 4, '2011-01-21 11:50:22', '0000-00-00 00:00:00'),
(1052, 1005, 5.00, '2011-01-21', 2, 4, '2011-01-21 11:51:12', '0000-00-00 00:00:00'),
(1053, 1006, 40.00, '2011-01-21', 2, 4, '2011-01-21 11:51:37', '0000-00-00 00:00:00'),
(1054, 1007, 10.00, '2011-01-13', 2, 5, '2011-01-21 11:55:48', '0000-00-00 00:00:00'),
(1055, 1008, 10.00, '2011-01-24', 2, 2, '2011-01-24 16:04:05', '0000-00-00 00:00:00'),
(1056, 1009, 16.00, '2011-01-25', 2, 2, '2011-01-25 14:55:29', '0000-00-00 00:00:00'),
(1057, 1010, 8.00, '2011-01-25', 2, 2, '2011-01-25 14:56:09', '0000-00-00 00:00:00'),
(1058, 1011, 4.00, '2011-01-25', 2, 2, '2011-01-25 14:57:10', '0000-00-00 00:00:00'),
(1059, 1012, 665.00, '2011-01-23', 2, 2, '2011-01-25 14:57:47', '0000-00-00 00:00:00'),
(1060, 1013, 168.00, '2011-01-18', 2, 5, '2011-01-25 15:16:36', '0000-00-00 00:00:00'),
(1061, 1014, 41.00, '2011-01-18', 1, 5, '2011-01-25 15:17:38', '0000-00-00 00:00:00'),
(1062, 1015, -140.00, '2011-02-27', 2, 2, '2011-02-01 06:42:04', '0000-00-00 00:00:00'),
(1063, 1015, 140.00, '2011-02-27', 2, 4, '2011-02-01 06:42:04', '0000-00-00 00:00:00'),
(1064, 1016, 138.00, '2011-02-27', 2, 4, '2011-02-01 06:42:56', '0000-00-00 00:00:00'),
(1065, 1017, 9.00, '2011-01-29', 2, 2, '2011-02-01 06:43:34', '0000-00-00 00:00:00'),
(1066, 1018, -60.00, '2011-01-31', 2, 2, '2011-02-01 06:44:43', '0000-00-00 00:00:00'),
(1067, 1018, 60.00, '2011-01-31', 2, 4, '2011-02-01 06:44:43', '0000-00-00 00:00:00'),
(1068, 1019, 220.00, '2011-01-29', 2, 5, '2011-02-01 06:45:28', '0000-00-00 00:00:00'),
(1069, 1020, 24.00, '2011-01-27', 2, 5, '2011-02-01 06:46:34', '0000-00-00 00:00:00'),
(1070, 1021, 99.00, '2011-01-28', 2, 5, '2011-02-01 06:47:23', '0000-00-00 00:00:00'),
(1071, 1022, 7.00, '2011-01-31', 2, 5, '2011-02-01 06:50:18', '0000-00-00 00:00:00'),
(1072, 1023, 40.00, '2011-01-31', 2, 4, '2011-02-01 06:50:54', '0000-00-00 00:00:00'),
(1073, 1024, 5.00, '2011-01-29', 1, 2, '2011-02-01 06:51:54', '0000-00-00 00:00:00'),
(1074, 1025, 12.00, '2011-01-31', 1, 2, '2011-02-01 06:54:11', '0000-00-00 00:00:00'),
(1075, 1026, 7.00, '2011-01-29', 1, 2, '2011-02-01 06:55:01', '0000-00-00 00:00:00'),
(1076, 1027, 13.00, '2011-01-29', 1, 5, '2011-02-01 07:03:02', '0000-00-00 00:00:00'),
(1077, 1028, 8.00, '2011-01-29', 1, 2, '2011-02-01 07:04:39', '0000-00-00 00:00:00'),
(1078, 1029, 14.00, '2011-01-08', 1, 5, '2011-02-01 07:06:06', '0000-00-00 00:00:00'),
(1079, 1030, 35.60, '2011-01-22', 1, 5, '2011-02-01 07:10:16', '0000-00-00 00:00:00'),
(1080, 1031, 18.30, '2011-01-29', 1, 5, '2011-02-01 07:14:20', '0000-00-00 00:00:00'),
(1081, 1032, 90.00, '2011-01-19', 1, 5, '2011-02-01 07:15:25', '0000-00-00 00:00:00'),
(1082, 1033, 70.00, '2011-02-01', 2, 5, '2011-02-01 15:05:44', '0000-00-00 00:00:00'),
(1083, 1034, 84.00, '2011-02-03', 2, 5, '2011-02-05 11:07:28', '0000-00-00 00:00:00');

-- --------------------------------------------------------

--
-- Table structure for table `subjects`
--

CREATE TABLE IF NOT EXISTS `subjects` (
  `id` bigint(19) NOT NULL AUTO_INCREMENT,
  `shortname` varchar(3) NOT NULL,
  `name` varchar(50) NOT NULL,
  `roles` varchar(3) DEFAULT NULL,
  `created_at` timestamp NOT NULL DEFAULT CURRENT_TIMESTAMP,
  `updated_at` timestamp NOT NULL DEFAULT '0000-00-00 00:00:00',
  PRIMARY KEY (`id`),
  UNIQUE KEY `uk_subjects` (`id`)
) ENGINE=InnoDB  DEFAULT CHARSET=utf8 AUTO_INCREMENT=4 ;

--
-- Dumping data for table `subjects`
--

INSERT INTO `subjects` (`id`, `shortname`, `name`, `roles`, `created_at`, `updated_at`) VALUES
(1, 'ma', 'Marcello', 'BP', '2009-12-22 15:31:35', '0000-00-00 00:00:00'),
(2, 'me', 'Maru', 'BP', '2009-12-22 15:31:35', '2009-12-27 14:57:51'),
(3, 'n', 'Nido', 'BP', '2009-12-22 15:31:35', '0000-00-00 00:00:00');

-- --------------------------------------------------------

--
-- Table structure for table `transactions`
--

CREATE TABLE IF NOT EXISTS `transactions` (
  `id` bigint(19) NOT NULL AUTO_INCREMENT,
  `account_id` bigint(19) NOT NULL,
  `amount` decimal(10,2) NOT NULL,
  `description` varchar(100) DEFAULT NULL,
  `recipient_subject_id` bigint(19) DEFAULT NULL,
  `payer_subject_id` bigint(19) NOT NULL,
  `date` date NOT NULL,
  `counterparty` varchar(50) DEFAULT NULL,
  `ref_period_begin_date` date NOT NULL,
  `ref_period_end_date` date NOT NULL,
  `created_at` timestamp NOT NULL DEFAULT CURRENT_TIMESTAMP,
  `updated_at` timestamp NOT NULL DEFAULT '0000-00-00 00:00:00',
  PRIMARY KEY (`id`),
  UNIQUE KEY `uk_transactions` (`id`),
  KEY `idx_transactions_1` (`account_id`),
  KEY `idx_transactions_2` (`recipient_subject_id`)
) ENGINE=InnoDB  DEFAULT CHARSET=utf8 ROW_FORMAT=DYNAMIC AUTO_INCREMENT=1035 ;

--
-- Dumping data for table `transactions`
--

INSERT INTO `transactions` (`id`, `account_id`, `amount`, `description`, `recipient_subject_id`, `payer_subject_id`, `date`, `counterparty`, `ref_period_begin_date`, `ref_period_end_date`, `created_at`, `updated_at`) VALUES
(1, 1, 69.80, '2 camicie', 2, 2, '2009-10-01', 'Dutti', '2009-10-01', '2009-10-01', '2009-12-22 15:31:35', '2009-12-22 15:31:35'),
(2, 32, 250.00, 'Palestra abbonamento annuale', 2, 2, '2009-10-01', '20 hours', '2009-10-01', '2009-10-01', '2009-12-22 15:31:35', '2009-12-22 15:31:35'),
(3, 14, 51.00, '22/08 - 21/10 – 331 kWh', 3, 1, '2009-10-29', 'A2A', '2009-11-01', '2009-11-01', '2009-12-22 15:31:35', '2009-12-22 15:31:35'),
(4, 23, 1101.62, 'Mutuo ottobre', 3, 1, '2009-10-01', NULL, '2009-10-01', '2009-10-01', '2009-12-22 15:31:35', '2009-12-22 15:31:35'),
(5, 16, 131.00, 'Aem 28/7 - 6/11 - 171,54 mc', 3, 1, '2009-11-12', 'A2a', '2009-10-01', '2009-10-01', '2009-12-22 15:31:35', '2009-12-22 15:31:35'),
(6, 30, 167.81, 'Visita di controllo', 1, 1, '2009-10-01', 'San Raffaele', '2009-10-01', '2009-10-01', '2009-12-22 15:31:35', '2009-12-22 15:31:35'),
(7, 3, 9.00, NULL, 3, 1, '2009-10-01', 'Gelateria', '2009-10-01', '2009-10-01', '2009-12-22 15:31:35', '2009-12-22 15:31:35'),
(8, 24, 7.00, 'Pizza', 1, 1, '2009-10-01', 'Anema e cozze', '2009-10-01', '2009-10-01', '2009-12-22 15:31:35', '2009-12-22 15:31:35'),
(9, 12, 13.90, 'Parrucchiere', 2, 2, '2009-10-02', 'David', '2009-10-01', '2009-10-01', '2009-12-22 15:31:35', '2009-12-22 15:31:35'),
(10, 3, 14.55, 'Spesa', 3, 2, '2009-10-02', 'Esselunga', '2009-10-01', '2009-10-01', '2009-12-22 15:31:35', '2009-12-22 15:31:35'),
(11, 25, 100.00, 'settembre (pagato 2/10)', 3, 2, '2009-10-02', 'Gennarino', '2009-09-01', '2009-09-01', '2009-12-22 15:31:35', '2009-12-22 15:31:35'),
(12, 27, 42.00, 'Sushi ', 3, 1, '2009-10-02', 'Tsuru', '2009-10-01', '2009-10-01', '2009-12-22 15:31:35', '2009-12-22 15:31:35'),
(13, 24, 7.50, 'Pizza', 1, 1, '2009-10-02', 'Anema e cozze', '2009-10-01', '2009-10-01', '2009-12-22 15:31:35', '2009-12-22 15:31:35'),
(14, 3, 62.00, 'Spesa', 3, 1, '2009-10-03', 'Auchan', '2009-10-01', '2009-10-01', '2009-12-22 15:31:35', '2009-12-22 15:31:35'),
(15, 1, 39.90, ' Pantaloni Marcello', 1, 1, '2009-10-03', 'Celio', '2009-10-01', '2009-10-01', '2009-12-22 15:31:35', '2009-12-22 15:31:35'),
(16, 24, 4.80, 'Pizza', 2, 2, '2009-10-03', 'Spizzico ', '2009-10-01', '2009-10-01', '2009-12-22 15:31:35', '2009-12-22 15:31:35'),
(17, 4, 74.00, 'Pouf verde', 3, 2, '2009-10-03', 'Bossi', '2009-10-01', '2009-10-01', '2009-12-22 15:31:35', '2009-12-22 15:31:35'),
(18, 4, 630.00, 'Lampade', 3, 1, '2009-10-03', 'Aladino', '2009-10-01', '2009-10-01', '2009-12-22 15:31:35', '2009-12-22 15:31:35'),
(19, 24, 6.90, NULL, 1, 1, '2009-10-03', 'Burger King', '2009-10-01', '2009-10-01', '2009-12-22 15:31:35', '2009-12-22 15:31:35'),
(20, 4, 1490.00, 'BDI Marina ', 3, 1, '2009-10-04', 'Studio Hifi', '2009-10-01', '2009-10-01', '2009-12-22 15:31:35', '2009-12-22 15:31:35'),
(21, 23, 0.00, 'xxx', 1, 1, '2009-12-01', NULL, '2009-12-01', '2009-12-01', '2009-12-22 15:31:35', '2009-12-22 15:31:35'),
(22, 3, 34.75, 'Spesa', 3, 2, '2009-10-05', 'Esselunga', '2009-10-01', '2009-10-01', '2009-12-22 15:31:35', '2009-12-22 15:31:35'),
(23, 30, 40.57, 'Colliri', 1, 1, '2009-10-06', 'Farmacia', '2009-10-01', '2009-10-01', '2009-12-22 15:31:35', '2009-12-22 15:31:35'),
(24, 6, 20.00, 'Auto Benzina ', 3, 1, '2009-10-06', NULL, '2009-10-01', '2009-10-01', '2009-12-22 15:31:35', '2009-12-22 15:31:35'),
(25, 30, 2800.00, 'Intervento occhi', 1, 1, '2009-10-06', 'San Raffaele', '2009-10-01', '2009-10-01', '2009-12-22 15:31:35', '2009-12-22 15:31:35'),
(27, 30, 12.00, ' Moment, voltaren', 1, 1, '2009-10-07', 'Farmacia', '2009-10-01', '2009-10-01', '2009-12-22 15:31:35', '2009-12-22 15:31:35'),
(28, 30, 23.20, 'Voltaren collirio, enterogermina', 1, 1, '2009-10-08', 'Farmacia ', '2009-10-01', '2009-10-01', '2009-12-22 15:31:35', '2009-12-22 15:31:35'),
(29, 26, 279.00, 'Ipod touch', 1, 1, '2009-10-08', 'Apple', '2009-10-01', '2009-10-01', '2009-12-22 15:31:35', '2009-12-22 15:31:35'),
(30, 3, 17.08, 'Spesa', 3, 2, '2009-10-30', 'Esselunga', '2009-10-01', '2009-10-01', '2009-12-22 15:31:35', '2009-12-22 15:31:35'),
(31, 24, 6.00, 'Pizza', 2, 2, '2009-10-12', 'Spizzico', '2009-10-01', '2009-10-01', '2009-12-22 15:31:35', '2009-12-22 15:31:35'),
(32, 24, 6.90, NULL, 1, 1, '2009-10-12', 'Burger King', '2009-10-01', '2009-10-01', '2009-12-22 15:31:35', '2009-12-22 15:31:35'),
(33, 22, 4.00, 'tram', 3, 1, '2009-10-12', 'ATM', '2009-10-01', '2009-10-01', '2009-12-22 15:31:35', '2009-12-22 15:31:35'),
(34, 3, 15.80, 'Spesa', 3, 2, '2009-10-12', 'Esselunga', '2009-10-01', '2009-10-01', '2009-12-22 15:31:35', '2009-12-22 15:31:35'),
(35, 24, 14.80, 'Il lupo', 3, 1, '2009-10-12', 'Il lupo', '2009-10-01', '2009-10-01', '2009-12-22 15:31:35', '2009-12-22 15:31:35'),
(36, 23, 0.00, 'xxx', 1, 1, '2009-12-01', NULL, '2009-12-01', '2009-12-01', '2009-12-22 15:31:35', '2009-12-22 15:31:35'),
(37, 3, 30.00, 'Spesa', 3, 2, '2009-10-13', 'Ipercoop', '2009-10-01', '2009-10-01', '2009-12-22 15:31:35', '2009-12-22 15:31:35'),
(38, 15, 15.00, 'Custodia ipod', 2, 2, '2009-10-13', 'Ipercoop ', '2009-10-01', '2009-10-01', '2009-12-22 15:31:35', '2009-12-22 15:31:35'),
(39, 11, 2.50, 'Buste', 2, 2, '2009-10-13', 'Ipercoop', '2009-10-01', '2009-10-01', '2009-12-22 15:31:35', '2009-12-22 15:31:35'),
(40, 15, 30.00, 'Cavo tv', 1, 1, '2009-10-13', 'Ipercoop', '2009-10-01', '2009-10-01', '2009-12-22 15:31:35', '2009-12-22 15:31:35'),
(41, 11, 4.00, 'Cancelleria - carta stampante', 3, 1, '2009-10-13', 'Ipercoop', '2009-10-01', '2009-10-01', '2009-12-22 15:31:35', '2009-12-22 15:31:35'),
(42, 15, 10.00, 'Caricatore usb', 1, 1, '2009-10-13', 'Mediaworld ', '2009-10-01', '2009-10-01', '2009-12-22 15:31:35', '2009-12-22 15:31:35'),
(43, 4, 12.50, 'Tappetino cucina', 3, 2, '2009-10-13', 'Coin', '2009-10-01', '2009-10-01', '2009-12-22 15:31:35', '2009-12-22 15:31:35'),
(44, 30, 12.00, 'Collirio', 1, 1, '2009-10-14', 'Farmacia', '2009-10-01', '2009-10-01', '2009-12-22 15:31:35', '2009-12-22 15:31:35'),
(45, 12, 19.50, 'Crema viso', 2, 2, '2009-10-14', 'Farmacia', '2009-10-01', '2009-10-01', '2009-12-22 15:31:35', '2009-12-22 15:31:35'),
(46, 3, 3.00, 'Uva', 3, 2, '2009-10-15', 'Naturasì', '2009-10-01', '2009-10-01', '2009-12-22 15:31:35', '2009-12-22 15:31:35'),
(47, 30, 25.20, 'Colliri', 1, 1, '2009-10-15', 'Farmacia', '2009-10-01', '2009-10-01', '2009-12-22 15:31:35', '2009-12-22 15:31:35'),
(48, 12, 9.70, 'Trucchi', 2, 2, '2009-10-15', 'Kiko', '2009-10-01', '2009-10-01', '2009-12-22 15:31:35', '2009-12-22 15:31:35'),
(49, 3, 13.12, 'Spesa', 3, 1, '2009-10-15', 'Carrefour', '2009-10-01', '2009-10-01', '2009-12-22 15:31:35', '2009-12-22 15:31:35'),
(50, 4, 15.31, NULL, 3, 1, '2009-10-15', 'Ikea', '2009-10-01', '2009-10-01', '2009-12-22 15:31:35', '2009-12-22 15:31:35'),
(51, 3, 7.57, 'Food', 3, 2, '2009-10-15', 'Ikea', '2009-10-01', '2009-10-01', '2009-12-22 15:31:35', '2009-12-22 15:31:35'),
(52, 4, 99.80, 'Ferro da stiro e caricatore usb', 3, 1, '2009-10-16', 'Mediaworld', '2009-10-01', '2009-10-01', '2009-12-22 15:31:35', '2009-12-22 15:31:35'),
(53, 6, 10.00, 'Benzina Alfa', 3, 1, '2009-10-16', NULL, '2009-10-01', '2009-10-01', '2009-12-22 15:31:35', '2009-12-22 15:31:35'),
(54, 24, 27.00, NULL, 2, 2, '2009-10-17', 'Mysushi', '2009-10-01', '2009-10-01', '2009-12-22 15:31:35', '2009-12-22 15:31:35'),
(55, 30, 13.50, 'Mascherina', 1, 1, '2009-10-17', 'Merlino', '2009-10-01', '2009-10-01', '2009-12-22 15:31:35', '2009-12-22 15:31:35'),
(56, 13, 14.00, 'Museo del design', 2, 2, '2009-10-18', 'Triennale', '2009-10-01', '2009-10-01', '2009-12-22 15:31:35', '2009-12-22 15:31:35'),
(57, 27, 41.30, 'Pranzo con Paola', 3, 1, '2009-10-18', 'Panino giusto', '2009-10-01', '2009-10-01', '2009-12-22 15:31:35', '2009-12-22 15:31:35'),
(58, 17, 6.72, 'Hostgator', 1, 1, '2009-10-18', NULL, '2009-10-01', '2009-10-01', '2009-12-22 15:31:35', '2009-12-22 15:31:35'),
(59, 3, 24.21, 'Spesa', 3, 2, '2009-10-19', 'Esselunga', '2009-10-01', '2009-10-01', '2009-12-22 15:31:35', '2009-12-22 15:31:35'),
(60, 3, 22.84, 'Spesa', 3, 2, '2009-10-21', 'Esselunga', '2009-10-01', '2009-10-01', '2009-12-22 15:31:35', '2009-12-22 15:31:35'),
(61, 4, 1590.80, 'Televisore', 3, 1, '2009-10-23', 'Monclick', '2009-10-01', '2009-10-01', '2009-12-22 15:31:35', '2009-12-22 15:31:35'),
(62, 3, 5.00, 'Sma', 3, 2, '2009-10-23', 'Sma', '2009-10-01', '2009-10-01', '2009-12-22 15:31:35', '2009-12-22 15:31:35'),
(63, 3, 11.67, 'Macelleria', 3, 2, '2009-10-23', 'Macelleria', '2009-10-01', '2009-10-01', '2009-12-22 15:31:35', '2009-12-22 15:31:35'),
(64, 24, 6.00, NULL, 2, 2, '2009-10-23', 'Spizzico', '2009-10-01', '2009-10-01', '2009-12-22 15:31:35', '2009-12-22 15:31:35'),
(65, 27, 5.00, 'Gelato', 3, 1, '2009-10-23', 'Chocolat', '2009-10-01', '2009-10-01', '2009-12-22 15:31:35', '2009-12-22 15:31:35'),
(66, 24, 7.00, 'Pizza', 1, 1, '2009-10-23', 'Anema e cozze', '2009-10-01', '2009-10-01', '2009-12-22 15:31:35', '2009-12-22 15:31:35'),
(67, 41, 146.71, ' Milano-Palermo', 1, 1, '2009-10-23', 'Alitalia', '2009-10-01', '2009-10-01', '2009-12-22 15:31:35', '2009-12-22 15:31:35'),
(68, 41, 75.00, 'Milano-Palermo', 2, 2, '2009-10-23', 'EasyJet ', '2009-10-01', '2009-10-01', '2009-12-22 15:31:35', '2009-12-22 15:31:35'),
(69, 27, 19.00, 'Pizzeria nel nulla', 3, 1, '2009-10-24', 'Pizzeria nel nulla', '2009-10-01', '2009-10-01', '2009-12-22 15:31:35', '2009-12-22 15:31:35'),
(70, 17, 30.00, 'Serata anni 50', 3, 1, '2009-10-24', 'Milwakee', '2009-10-01', '2009-10-01', '2009-12-22 15:31:35', '2009-12-22 15:31:35'),
(71, 6, 50.00, 'Auto Benzina', 3, 1, '2009-10-24', NULL, '2009-10-01', '2009-10-01', '2009-12-22 15:31:35', '2009-12-22 15:31:35'),
(72, 3, 77.16, 'Spesa', 3, 2, '2009-10-25', 'Ipercoop', '2009-10-01', '2009-10-01', '2009-12-22 15:31:35', '2009-12-22 15:31:35'),
(73, 12, 13.50, NULL, 2, 2, '2009-10-26', 'Esselunga', '2009-10-01', '2009-10-01', '2009-12-22 15:31:35', '2009-12-22 15:31:35'),
(74, 3, 18.16, 'Spesa', 3, 2, '2009-10-26', 'Esselunga ', '2009-10-01', '2009-10-01', '2009-12-22 15:31:35', '2009-12-22 15:31:35'),
(75, 24, 7.00, 'Pizza', 1, 1, '2009-10-26', 'Anema e cozze', '2009-10-01', '2009-10-01', '2009-12-22 15:31:35', '2009-12-22 15:31:35'),
(76, 24, 7.50, NULL, 1, 1, '2009-10-27', 'Anema e cozze', '2009-10-01', '2009-10-01', '2009-12-22 15:31:35', '2009-12-22 15:31:35'),
(77, 11, 36.40, 'Piante terrazzino', 3, 2, '2009-10-28', 'Vivaio', '2009-10-01', '2009-10-01', '2009-12-22 15:31:35', '2009-12-22 15:31:35'),
(78, 10, 95.05, 'Piatti e tovaglia', 3, 2, '2009-10-28', 'Zara home', '2009-10-01', '2009-10-01', '2009-12-22 15:31:35', '2009-12-22 15:31:35'),
(79, 24, 7.50, NULL, 1, 1, '2009-10-28', 'Anema e cozze', '2009-10-01', '2009-10-01', '2009-12-22 15:31:35', '2009-12-22 15:31:35'),
(80, 10, 23.92, 'Piattini e ciotoline', 3, 1, '2009-10-29', 'Ikea', '2009-10-01', '2009-10-01', '2009-12-22 15:31:35', '2009-12-22 15:31:35'),
(81, 3, 33.25, 'Spesa', 3, 2, '2009-10-29', 'Esselunga', '2009-10-01', '2009-10-01', '2009-12-22 15:31:35', '2009-12-22 15:31:35'),
(82, 24, 7.00, NULL, 1, 1, '2009-10-29', 'Anema e cozze', '2009-10-01', '2009-10-01', '2009-12-22 15:31:35', '2009-12-22 15:31:35'),
(83, 30, 20.27, 'Farmacia', 1, 2, '2009-10-29', 'Farmacia', '2009-10-01', '2009-10-01', '2009-12-22 15:31:35', '2009-12-22 15:31:35'),
(84, 24, 7.50, NULL, 1, 1, '2009-10-30', 'Anema e cozze', '2009-10-01', '2009-10-01', '2009-12-22 15:31:35', '2009-12-22 15:31:35'),
(85, 35, 5.00, 'Ricarica ', 2, 2, '2009-10-30', 'Tre', '2009-10-01', '2009-10-01', '2009-12-22 15:31:35', '2009-12-22 15:31:35'),
(86, 27, 63.00, 'Pranzo genitori', 3, 1, '2009-10-31', 'Panino giusto', '2009-10-01', '2009-10-01', '2009-12-22 15:31:35', '2009-12-22 15:31:35'),
(87, 25, 130.00, 'Gennarino ottobre ', 3, 1, '2009-10-31', 'Gennarino', '2009-10-01', '2009-10-01', '2009-12-22 15:31:35', '2009-12-22 15:31:35'),
(88, 24, 7.50, NULL, 1, 1, '2009-11-02', 'Anema e cozze', '2009-11-01', '2009-11-01', '2009-12-22 15:31:35', '2009-12-22 15:31:35'),
(89, 24, 7.00, NULL, 1, 1, '2009-11-03', 'Anema e cozze', '2009-11-01', '2009-11-01', '2009-12-22 15:31:35', '2009-12-22 15:31:35'),
(90, 17, 11.00, 'Inglorious bastards', 3, 1, '2009-11-04', 'Cinema', '2009-11-01', '2009-11-01', '2009-12-22 15:31:35', '2009-12-22 15:31:35'),
(91, 27, 6.00, 'Spizzico', 2, 1, '2009-11-04', 'Spizzico', '2009-11-01', '2009-11-01', '2009-12-22 15:31:35', '2009-12-22 15:31:35'),
(92, 27, 8.00, 'Burger king', 1, 1, '2009-11-04', 'Burger king', '2009-11-01', '2009-11-01', '2009-12-22 15:31:35', '2009-12-22 15:31:35'),
(93, 24, 7.50, NULL, 1, 1, '2009-11-04', 'Anema e cozze', '2009-11-01', '2009-11-01', '2009-12-22 15:31:35', '2009-12-22 15:31:35'),
(94, 17, 45.00, 'Spettacolo Luttazzi', 3, 1, '2009-11-05', 'Teatro nuovo', '2009-11-01', '2009-11-01', '2009-12-22 15:31:35', '2009-12-22 15:31:35'),
(95, 24, 7.00, NULL, 1, 1, '2009-11-05', 'Anema e cozze', '2009-11-01', '2009-11-01', '2009-12-22 15:31:35', '2009-12-22 15:31:35'),
(97, 27, 33.00, 'Pizza', 3, 1, '2009-11-07', 'Rosso Pomodoro', '2009-11-01', '2009-11-01', '2009-12-22 15:31:35', '2009-12-22 15:31:35'),
(98, 3, 69.31, 'Spesa', 3, 2, '2009-11-06', 'Ipercoop', '2009-11-01', '2009-11-01', '2009-12-22 15:31:35', '2009-12-22 15:31:35'),
(99, 11, 30.27, 'Detersivi', 3, 2, '2009-11-06', 'Ipercoop', '2009-11-01', '2009-11-01', '2009-12-22 15:31:35', '2009-12-22 15:31:35'),
(100, 2, 16.39, 'Pinza, adattatore, screenprotector ipod', 3, 1, '2009-11-06', 'Ipercoop', '2009-11-01', '2009-11-01', '2009-12-22 15:31:35', '2009-12-22 15:31:35'),
(101, 1, 179.00, 'Stivali', 2, 2, '2009-11-06', 'Martinetti', '2009-11-01', '2009-11-01', '2009-12-22 15:31:35', '2009-12-22 15:31:35'),
(102, 12, 16.90, 'Parrucchiere', 2, 2, '2009-11-06', 'David', '2009-11-01', '2009-11-01', '2009-12-22 15:31:35', '2009-12-22 15:31:35'),
(110, 11, 10.00, 'Ranuncoli', 3, 2, '2009-11-11', 'Fioraio', '2009-11-01', '2009-11-01', '2009-12-22 15:31:35', '2009-12-22 15:31:35'),
(111, 24, 7.50, NULL, 1, 1, '2009-11-11', 'Anima e cozze', '2009-11-01', '2009-11-01', '2009-12-22 15:31:35', '2009-12-22 15:31:35'),
(112, 22, 9.20, 'Carnet 10 biglietti', 2, 2, '2009-11-11', 'ATM', '2009-11-01', '2009-11-01', '2009-12-22 15:31:35', '2009-12-22 15:31:35'),
(113, 24, 7.50, NULL, 1, 1, '2009-11-12', 'Anima e cozze', '2009-11-01', '2009-11-01', '2009-12-22 15:31:35', '2009-12-22 15:31:35'),
(114, 17, 76.00, 'Avenue Q con Vale e Sara', 3, 1, '2009-11-12', 'Teatro Nuovo', '2009-11-01', '2009-11-01', '2009-12-22 15:31:35', '2009-12-22 15:31:35'),
(115, 24, 7.00, NULL, 1, 1, '2009-11-13', 'Anima e cozze', '2009-11-01', '2009-11-01', '2009-12-22 15:31:35', '2009-12-22 15:31:35'),
(116, 27, 13.50, 'Crepes', 3, 1, '2009-11-12', 'Creperia', '2009-11-01', '2009-11-01', '2009-12-22 15:31:35', '2009-12-22 15:31:35'),
(117, 10, 14.00, 'Piatti e asciugamani', 3, 1, '2009-11-14', 'Zara home', '2009-11-01', '2009-11-01', '2009-12-22 15:31:35', '2009-12-22 15:31:35'),
(118, 27, 26.00, NULL, 3, 1, '2009-11-15', 'El beverin', '2009-11-01', '2009-11-01', '2009-12-22 15:31:35', '2009-12-22 15:31:35'),
(119, 1, 100.00, 'Maglione', 1, 1, '2009-11-15', 'Benetton', '2009-11-01', '2009-11-01', '2009-12-22 15:31:35', '2009-12-22 15:31:35'),
(120, 26, 10.00, 'Guanti', 1, 1, '2009-11-15', 'Benetton', '2009-11-01', '2009-11-01', '2009-12-22 15:31:35', '2009-12-22 15:31:35'),
(121, 19, 10.00, NULL, 1, 1, '2009-11-18', 'Benzinaio', '2009-11-01', '2009-11-01', '2009-12-22 15:31:35', '2009-12-22 15:31:35'),
(126, 1, 255.00, 'Maglioni', 1, 1, '2009-11-15', 'Zara', '2009-11-01', '2009-11-01', '2009-12-22 15:31:35', '2009-12-22 15:31:35'),
(127, 26, 30.00, 'Giacca da camera', 1, 1, '2009-11-15', 'Zara', '2009-11-01', '2009-11-01', '2009-12-22 15:31:35', '2009-12-22 15:31:35'),
(128, 27, 31.00, 'Pizze', 3, 1, '2009-11-15', 'Pizza & Food ', '2009-11-01', '2009-11-01', '2009-12-22 15:31:35', '2009-12-22 15:31:35'),
(129, 12, 7.12, 'Deodorante, crema corpo, bagnoschiuma', 2, 2, '2009-11-16', 'Ipercoop', '2009-11-01', '2009-11-01', '2009-12-22 15:31:35', '2009-12-22 15:31:35'),
(130, 11, 7.89, 'Copriasse, sale lavastoviglie', 3, 2, '2009-11-16', 'Ipercoop', '2009-11-01', '2009-11-01', '2009-12-22 15:31:35', '2009-12-22 15:31:35'),
(131, 3, 72.64, 'Spesa', 3, 2, '2009-11-16', 'Ipercoop', '2009-11-01', '2009-11-01', '2009-12-22 15:31:35', '2009-12-22 15:31:35'),
(132, 30, 34.00, 'Colliri', 1, 1, '2009-11-16', 'Farmacia', '2009-11-01', '2009-11-01', '2009-12-22 15:31:35', '2009-12-22 15:31:35'),
(133, 41, 70.37, 'Palermo - Milano', 1, 1, '2009-11-17', 'Alitalia', '2009-11-01', '2009-11-01', '2009-12-22 15:31:35', '2009-12-22 15:31:35'),
(134, 41, 70.37, 'Palermo - Milano', 2, 2, '2009-11-17', 'Alitalia', '2009-11-01', '2009-11-01', '2009-12-22 15:31:35', '2009-12-22 15:31:35'),
(135, 17, 12.00, 'Gli abbracci spezzati', 3, 1, '2009-11-18', 'Cinema Odeon', '2009-11-01', '2009-11-01', '2009-12-22 15:31:35', '2009-12-22 15:31:35'),
(136, 24, 7.00, NULL, 1, 1, '2009-11-19', 'Anima e cozze', '2009-11-01', '2009-11-01', '2009-12-22 15:31:35', '2009-12-22 15:31:35'),
(137, 10, 15.00, 'Fiori secchi', 3, 2, '2009-11-19', 'Fioraio', '2009-11-01', '2009-11-01', '2009-12-22 15:31:35', '2009-12-22 15:31:35'),
(138, 3, 18.50, NULL, 3, 2, '2009-11-19', 'SMA', '2009-11-01', '2009-11-01', '2009-12-22 15:31:35', '2009-12-22 15:31:35'),
(139, 41, 4.00, 'Londra', 3, 1, '2009-11-19', 'Ryanair', '2010-01-01', '2010-01-01', '2009-12-22 15:31:35', '2009-12-22 15:31:35'),
(140, 1, 35.90, 'Vestitino blu', 2, 2, '2009-11-20', 'Intimissimi', '2009-11-01', '2009-11-01', '2009-12-22 15:31:35', '2009-12-22 15:31:35'),
(141, 26, 49.00, 'Camicia papà', 2, 2, '2009-11-20', 'Boggi', '2009-11-01', '2009-11-01', '2009-12-22 15:31:35', '2009-12-22 15:31:35'),
(142, 2, 18.00, 'Gioielli tasci', 2, 2, '2009-11-20', 'H&M', '2009-11-01', '2009-11-01', '2009-12-22 15:31:35', '2009-12-22 15:31:35'),
(143, 3, 28.00, 'Spesa', 3, 2, '2009-11-21', 'Ipercoop', '2009-11-01', '2009-11-01', '2009-12-22 15:31:35', '2009-12-22 15:31:35'),
(144, 11, 11.99, 'Sacchetti aspirapolvere', 3, 1, '2009-11-21', 'Mediaworld', '2009-11-01', '2009-11-01', '2009-12-22 15:31:35', '2009-12-22 15:31:35'),
(145, 6, 20.00, NULL, 3, 1, '2009-11-21', 'Benzinaio', '2009-11-01', '2009-11-01', '2009-12-22 15:31:35', '2009-12-22 15:31:35'),
(146, 27, 9.40, 'Pizza', 3, 1, '2009-11-22', 'Spontini', '2009-11-01', '2009-11-01', '2009-12-22 15:31:35', '2009-12-22 15:31:35'),
(147, 22, 9.20, 'Carnet 10 biglietti', 2, 2, '2009-11-23', 'ATM', '2009-11-01', '2009-11-01', '2009-12-22 15:31:35', '2009-12-22 15:31:35'),
(148, 27, 25.00, NULL, 3, 1, '2009-11-24', 'Troppa pizza', '2009-11-01', '2009-11-01', '2009-12-22 15:31:35', '2009-12-22 15:31:35'),
(149, 24, 7.00, NULL, 1, 1, '2009-11-25', 'Anima e cozze', '2009-11-01', '2009-11-01', '2009-12-22 15:31:35', '2009-12-22 15:31:35'),
(150, 24, 7.00, NULL, 1, 1, '2009-11-23', 'Anima e cozze', '2009-11-01', '2009-11-01', '2009-12-22 15:31:35', '2009-12-22 15:31:35'),
(151, 24, 7.50, NULL, 1, 1, '2009-11-24', 'Anima e cozze', '2009-11-01', '2009-11-01', '2009-12-22 15:31:35', '2009-12-22 15:31:35'),
(152, 24, 7.50, NULL, 1, 1, '2009-11-26', 'Anima e cozze', '2009-11-01', '2009-11-01', '2009-12-22 15:31:35', '2009-12-22 15:31:35'),
(153, 24, 21.00, NULL, 3, 1, '2009-11-27', 'Taverna Trisa', '2009-11-01', '2009-11-01', '2009-12-22 15:31:35', '2009-12-22 15:31:35'),
(154, 15, 8.00, 'batteria telefonino', 2, 2, '2009-11-27', 'Cinesi', '2009-11-01', '2009-11-01', '2009-12-22 15:31:35', '2009-12-22 15:31:35'),
(155, 1, 5.00, 'coprispalle', 2, 2, '2009-11-27', 'Cinesi', '2009-11-01', '2009-11-01', '2009-12-22 15:31:35', '2009-12-22 15:31:35'),
(156, 25, 110.00, NULL, 3, 1, '2009-11-27', 'Gennarino', '2009-11-01', '2009-11-01', '2009-12-22 15:31:35', '2009-12-22 15:31:35'),
(157, 27, 19.20, NULL, 3, 1, '2009-11-28', 'Il lupo', '2009-11-01', '2009-11-01', '2009-12-22 15:31:35', '2009-12-22 15:31:35'),
(158, 19, 21.00, NULL, 1, 1, '2009-11-28', 'Benzinaio', '2009-11-01', '2009-11-01', '2009-12-22 15:31:35', '2009-12-22 15:31:35'),
(160, 3, 15.20, 'Spesa', 3, 2, '2009-11-30', 'Esselunga', '2009-12-01', '2009-12-01', '2009-12-22 15:31:35', '2009-12-22 15:31:35'),
(161, 12, 19.50, 'Crema viso', 2, 2, '2009-11-30', 'Farmacia', '2009-12-01', '2009-12-01', '2009-12-22 15:31:35', '2009-12-22 15:31:35'),
(162, 3, 13.00, 'Spesa', 3, 2, '2009-12-01', 'Ipercoop', '2009-12-01', '2009-12-01', '2009-12-22 15:31:35', '2009-12-22 15:31:35'),
(163, 10, 3.00, 'Zuccheriera', 3, 2, '2009-12-01', 'Ipercoop', '2009-12-01', '2009-12-01', '2009-12-22 15:31:35', '2009-12-22 15:31:35'),
(164, 7, 646.74, NULL, 3, 1, '2009-12-01', 'Midas', '2009-12-01', '2009-12-01', '2009-12-22 15:31:35', '2009-12-22 15:31:35'),
(165, 10, 77.50, 'Lucine, stelle di natale, prese, tasselli', 3, 1, '2009-11-29', 'Merlino', '2009-12-01', '2009-12-01', '2009-12-22 15:31:35', '2009-12-27 17:21:32'),
(166, 12, 5.10, 'Assorbenti', 2, 2, '2009-12-03', 'Pam', '2009-12-01', '2009-12-01', '2009-12-22 15:31:35', '2009-12-22 15:31:35'),
(167, 11, 7.00, 'Detersivi', 3, 2, '2009-12-02', 'Esselunga', '2009-12-01', '2009-12-01', '2009-12-22 15:31:35', '2009-12-22 15:31:35'),
(168, 12, 2.00, 'Assorbenti', 2, 2, '2009-12-03', 'Esselunga', '2009-12-01', '2009-12-01', '2009-12-22 15:31:35', '2009-12-22 15:31:35'),
(169, 3, 9.00, 'Spesa', 3, 2, '2009-12-03', 'Esselunga', '2009-12-01', '2009-12-01', '2009-12-22 15:31:35', '2009-12-22 15:31:35'),
(170, 15, 499.00, 'Androide', 1, 1, '2009-12-01', 'Stock house', '2009-12-01', '2009-12-01', '2009-12-22 15:31:35', '2009-12-22 15:31:35'),
(171, 24, 7.00, NULL, 1, 1, '2009-12-03', 'Anima e cozze', '2009-12-01', '2009-12-01', '2009-12-22 15:31:35', '2009-12-22 15:31:35'),
(172, 24, 7.00, NULL, 1, 1, '2009-12-02', 'Anima e cozze', '2009-12-01', '2009-12-01', '2009-12-22 15:31:35', '2009-12-22 15:31:35'),
(173, 24, 7.50, NULL, 1, 1, '2009-12-01', 'Anima e cozze', '2009-12-01', '2009-12-01', '2009-12-22 15:31:35', '2009-12-22 15:31:35'),
(174, 24, 7.50, NULL, 1, 1, '2009-11-30', 'Anima e cozze', '2009-11-01', '2009-11-01', '2009-12-22 15:31:35', '2009-12-22 15:31:35'),
(175, 35, 5.00, 'Ricarica', 2, 2, '2009-11-29', 'Tre', '2009-11-01', '2009-11-01', '2009-12-22 15:31:35', '2009-12-22 15:31:35'),
(176, 35, 10.00, 'Ricarica', 1, 1, '2009-11-30', 'Tre', '2009-11-01', '2009-11-01', '2009-12-22 15:31:35', '2009-12-22 15:31:35'),
(177, 22, 9.20, 'Carnet 10 biglietti', 2, 2, '2009-12-04', 'ATM', '2009-12-01', '2009-12-01', '2009-12-22 15:31:35', '2009-12-22 15:31:35'),
(178, 24, 7.50, NULL, 1, 1, '2009-12-04', 'Anima e cozze', '2009-12-01', '2009-12-01', '2009-12-22 15:31:35', '2009-12-22 15:31:35'),
(179, 39, 5.10, NULL, 3, 3, '2009-12-04', 'Touring', '2009-12-01', '2009-12-01', '2009-12-22 15:31:35', '2009-12-22 15:31:35'),
(180, 24, 2.30, NULL, 2, 2, '2009-12-04', 'Autogrill', '2009-12-01', '2009-12-01', '2009-12-22 15:31:35', '2009-12-22 15:31:35'),
(181, 26, 10.05, NULL, 2, 2, '2009-12-04', 'H&M', '2009-12-01', '2009-12-01', '2009-12-22 15:31:35', '2009-12-22 15:31:35'),
(182, 1, 26.00, 'Pantaloni', 2, 2, '2009-12-04', 'Zara', '2009-12-02', '2009-12-02', '2009-12-22 15:31:35', '2009-12-22 15:31:35'),
(183, 1, 53.00, 'Maglioni', 2, 2, '2009-12-04', 'Pinkie', '2009-12-01', '2009-12-01', '2009-12-22 15:31:35', '2009-12-22 15:31:35'),
(184, 29, 0.00, 'Rimborso Marcello -> Marù', 3, 3, '2009-12-04', '', '2009-12-01', '2009-12-01', '2009-12-22 15:31:35', '2009-12-22 15:31:35'),
(185, 7, 98.80, 'Catene neve', 3, 1, '2009-12-05', 'Norauto', '2009-12-01', '2009-12-01', '2009-12-22 15:31:35', '2009-12-22 15:31:35'),
(186, 6, 76.23, NULL, 3, 1, '2009-12-05', 'Benzinaio', '2009-12-01', '2009-12-01', '2009-12-22 15:31:35', '2009-12-22 15:31:35'),
(187, 41, 11.80, 'pedaggi', 3, 3, '2009-12-06', 'Autostrade', '2009-12-06', '2009-12-06', '2009-12-22 15:31:35', '2009-12-22 15:31:35'),
(188, 40, 34.50, NULL, 3, 3, '2009-12-06', 'Birreria Padavena ', '2009-12-01', '2009-12-01', '2009-12-22 15:31:35', '2009-12-22 15:31:35'),
(189, 37, 70.00, 'Levico Terme', 3, 3, '2009-12-06', 'B&B Renè ', '2009-12-01', '2009-12-01', '2009-12-22 15:31:35', '2009-12-22 15:31:35'),
(190, 40, 16.00, NULL, 3, 3, '2009-12-07', 'Pranzo', '2009-12-01', '2009-12-01', '2009-12-22 15:31:35', '2009-12-22 15:31:35'),
(191, 26, 15.00, 'Glorenza', 3, 3, '2009-12-07', 'Mercatino Natale', '2009-12-01', '2009-12-01', '2009-12-22 15:31:35', '2009-12-22 15:31:35'),
(192, 26, 10.00, 'Merano', 3, 3, '2009-12-07', 'Mercatino Natale', '2009-12-01', '2009-12-01', '2009-12-22 15:31:35', '2009-12-22 15:31:35'),
(193, 40, 22.60, NULL, 3, 3, '2009-12-07', 'Cena Merano', '2009-12-01', '2009-12-01', '2009-12-22 15:31:35', '2009-12-22 15:31:35'),
(194, 41, 4.50, NULL, 3, 3, '2009-12-07', 'Parcheggio Merano', '2009-12-01', '2009-12-01', '2009-12-22 15:31:35', '2009-12-22 15:31:35'),
(195, 41, 3.30, 'Pedaggio', 3, 3, '2009-12-08', 'Autostrade', '2009-12-01', '2009-12-01', '2009-12-22 15:31:35', '2009-12-22 15:31:35'),
(196, 37, 80.00, NULL, 3, 3, '2009-12-08', 'Hotel Prissiano', '2009-12-01', '2009-12-01', '2009-12-22 15:31:35', '2009-12-22 15:31:35'),
(197, 41, 66.00, NULL, 3, 3, '2009-12-08', 'Benzinaio', '2009-12-01', '2009-12-01', '2009-12-22 15:31:35', '2009-12-22 15:31:35'),
(198, 30, 13.50, 'Collirio', 1, 1, '2009-12-08', 'Farmacia', '2009-12-01', '2009-12-01', '2009-12-22 15:31:35', '2009-12-22 15:31:35'),
(199, 26, 4.00, NULL, 3, 3, '2009-12-08', 'Mercatino Natale', '2009-12-02', '2009-12-02', '2009-12-22 15:31:35', '2009-12-22 15:31:35'),
(200, 26, 7.90, NULL, 3, 1, '2009-12-08', 'Mercatino Natale', '2009-12-01', '2009-12-01', '2009-12-22 15:31:35', '2009-12-22 15:31:35'),
(201, 40, 4.00, NULL, 3, 3, '2009-12-08', 'Supermercato', '2009-12-01', '2009-12-01', '2009-12-22 15:31:35', '2009-12-22 15:31:35'),
(202, 27, 44.40, NULL, 3, 1, '2009-12-05', 'Seven', '2009-12-01', '2009-12-01', '2009-12-22 15:31:35', '2009-12-22 15:31:35'),
(203, 3, 13.00, 'Spesa', 3, 2, '2009-12-05', 'Esselunga', '2009-12-01', '2009-12-01', '2009-12-22 15:31:35', '2009-12-22 15:31:35'),
(204, 10, 17.80, 'Piatti', 3, 2, '2009-12-05', 'Zara home', '2009-12-01', '2009-12-01', '2009-12-22 15:31:35', '2009-12-22 15:31:35'),
(205, 17, 7.00, NULL, 3, 1, '2009-12-04', 'Agarthi pub', '2009-12-02', '2009-12-02', '2009-12-22 15:31:35', '2009-12-22 15:31:35'),
(206, 26, 11.00, NULL, 3, 3, '2009-12-06', 'Mercatino natale', '2009-12-01', '2009-12-01', '2009-12-22 15:31:35', '2009-12-22 15:31:35'),
(207, 26, 18.50, NULL, 3, 3, '2009-12-08', 'Mercatino Vipiteno', '2009-12-01', '2009-12-01', '2009-12-22 15:31:35', '2009-12-22 15:31:35'),
(208, 1, 25.00, NULL, 2, 2, '2009-12-08', 'Cappello', '2009-12-01', '2009-12-01', '2009-12-22 15:31:35', '2009-12-22 15:31:35'),
(209, 26, 2.60, NULL, 3, 3, '2009-12-08', 'Mercatino Vipiteno', '2009-12-01', '2009-12-01', '2009-12-22 15:31:35', '2009-12-22 15:31:35'),
(210, 41, 17.00, 'Pedaggio', 3, 3, '2009-12-08', 'Autostrade', '2009-12-01', '2009-12-01', '2009-12-22 15:31:35', '2009-12-22 15:31:35'),
(211, 40, 26.00, NULL, 3, 3, '2009-12-08', 'Cena', '2009-12-01', '2009-12-01', '2009-12-22 15:31:35', '2009-12-22 15:31:35'),
(212, 40, 4.00, NULL, 3, 3, '2009-12-08', 'Merenda', '2009-12-01', '2009-12-01', '2009-12-22 15:31:35', '2009-12-22 15:31:35'),
(213, 24, 7.00, NULL, 1, 1, '2009-12-09', 'Anima e cozze', '2009-12-02', '2009-12-02', '2009-12-22 15:31:35', '2009-12-22 15:31:35'),
(214, 24, 20.00, NULL, 3, 1, '2009-12-10', 'Taverna trisa', '2009-12-01', '2009-12-01', '2009-12-22 15:31:35', '2009-12-22 15:31:35'),
(215, 37, 195.80, 'Holiday Inn Monaco', 3, 3, '2009-12-03', 'Lastminute', '2010-01-01', '2010-01-01', '2009-12-22 15:31:35', '2009-12-22 15:31:35'),
(216, 1, 9.00, NULL, 2, 2, '2009-12-11', 'Zara', '2009-12-01', '2009-12-01', '2009-12-22 15:31:35', '2009-12-22 15:31:35'),
(217, 1, 28.00, NULL, 2, 2, '2009-12-11', 'Pinkie', '2009-12-01', '2009-12-01', '2009-12-22 15:31:35', '2009-12-22 15:31:35'),
(218, 24, 7.00, NULL, 1, 1, '2009-12-11', 'Anima e cozze', '2009-12-01', '2009-12-01', '2009-12-22 15:31:35', '2009-12-22 15:31:35'),
(219, 12, 14.00, NULL, 2, 2, '2009-12-12', 'Kiko', '2009-12-01', '2009-12-01', '2009-12-22 15:31:35', '2009-12-22 15:31:35'),
(220, 24, 5.00, NULL, 3, 1, '2009-12-12', 'Bar feltrinelli', '2009-12-01', '2009-12-01', '2009-12-22 15:31:35', '2009-12-22 15:31:35'),
(221, 24, 15.00, NULL, 3, 1, '2009-12-12', 'Salumeria', '2009-12-01', '2009-12-01', '2009-12-22 15:31:35', '2009-12-22 15:31:35'),
(222, 2, 3.60, NULL, 3, 1, '2009-12-12', 'Castorama', '2009-12-01', '2009-12-01', '2009-12-22 15:31:35', '2009-12-22 15:31:35'),
(223, 26, 15.00, NULL, 3, 1, '2009-12-12', 'Varie', '2009-12-01', '2009-12-01', '2009-12-22 15:31:35', '2009-12-22 15:31:35'),
(224, 17, 20.00, 'The crhistmas carol', 3, 1, '2009-12-12', 'Cinema', '2009-12-01', '2009-12-01', '2009-12-22 15:31:35', '2009-12-22 15:31:35'),
(225, 27, 40.00, NULL, 3, 1, '2009-12-12', 'Ristorante cinese', '2009-12-01', '2009-12-01', '2009-12-22 15:31:35', '2009-12-22 15:31:35'),
(226, 3, 11.65, NULL, 3, 2, '2009-12-13', 'GS', '2009-12-02', '2009-12-02', '2009-12-22 15:31:35', '2009-12-22 15:31:35'),
(227, 3, 64.00, 'Spesa', 3, 2, '2009-12-14', 'Ipercoop', '2009-12-02', '2009-12-02', '2009-12-22 15:31:35', '2009-12-22 15:31:35'),
(228, 3, 4.00, NULL, 3, 2, '2009-12-14', 'Esselunga', '2009-12-11', '2009-12-11', '2009-12-22 15:31:35', '2009-12-22 15:31:35'),
(229, 3, 18.00, NULL, 3, 2, '2009-12-18', 'Esselunga', '2009-12-01', '2009-12-01', '2009-12-22 15:31:35', '2009-12-22 15:31:35'),
(230, 27, 23.00, 'Cena condominio', 1, 1, '2009-12-17', 'Maxela', '2009-12-01', '2009-12-01', '2009-12-22 15:31:35', '2009-12-22 15:31:35'),
(231, 2, 5.00, NULL, 3, 2, '2009-12-12', 'Cazzetterie', '2009-12-01', '2009-12-01', '2009-12-22 15:31:35', '2009-12-22 15:31:35'),
(232, 26, 6.00, NULL, 3, 1, '2009-12-16', 'Regalini', '2009-12-01', '2009-12-01', '2009-12-22 15:31:35', '2009-12-22 15:31:35'),
(233, 26, 5.00, 'Angioletti', 3, 3, '2009-12-16', 'Rinascente', '2009-12-01', '2009-12-01', '2009-12-22 15:31:35', '2009-12-22 15:31:35'),
(234, 1, 45.00, NULL, 2, 2, '2009-12-19', 'Mango', '2009-12-19', '2009-12-19', '2009-12-22 15:31:35', '2009-12-22 15:31:35'),
(235, 27, 27.00, NULL, 3, 1, '2009-12-19', 'MySushi', '2009-12-19', '2009-12-19', '2009-12-22 15:31:35', '2009-12-22 15:31:35'),
(236, 26, 80.00, 'regalo Lucrezia', 1, 1, '2009-12-19', 'H&M', '2009-12-19', '2009-12-19', '2009-12-22 15:31:35', '2009-12-22 15:31:35'),
(237, 15, 20.00, NULL, 3, 1, '2009-12-18', 'My Sky', '2009-12-18', '2009-12-18', '2009-12-22 15:31:35', '2009-12-22 15:31:35'),
(238, 25, 110.00, NULL, 3, 1, '2009-12-18', 'Gennarino', '2009-12-18', '2009-12-18', '2009-12-22 15:31:35', '2009-12-22 15:31:35'),
(239, 24, 7.50, NULL, 1, 1, '2009-12-14', 'Anima e cozze', '2009-12-14', '2009-12-14', '2009-12-22 15:31:35', '2009-12-22 15:31:35'),
(240, 24, 7.50, NULL, 1, 1, '2009-12-15', 'Anima e cozze', '2009-12-15', '2009-12-15', '2009-12-22 15:31:35', '2009-12-22 15:31:35'),
(241, 24, 7.00, NULL, 1, 1, '2009-12-16', 'Anima e cozze', '2009-12-16', '2009-12-16', '2009-12-22 15:31:35', '2009-12-22 15:31:35'),
(242, 24, 7.50, NULL, 1, 1, '2009-12-17', 'Anima e cozze', '2009-12-17', '2009-12-17', '2009-12-22 15:31:35', '2009-12-22 15:31:35'),
(243, 24, 7.00, NULL, 1, 1, '2009-12-18', 'Anima e cozze', '2009-12-18', '2009-12-18', '2009-12-22 15:31:35', '2009-12-22 15:31:35'),
(244, 26, 15.00, 'Agrifoglio', 1, 1, '2009-12-26', 'Fioraio Monreale', '2009-12-26', '2009-12-26', '2009-12-26 03:04:11', '2009-12-26 03:04:11'),
(245, 14, 92.00, 'Bolletta elettricità', 3, 1, '2009-12-29', 'A2A', '2009-10-22', '2009-12-21', '2010-01-09 15:51:26', '2010-01-09 15:51:26'),
(246, 16, 131.00, 'Bolletta gas', 3, 1, '2009-11-09', 'A2A', '2009-07-28', '2009-11-06', '2010-01-09 17:16:29', '2010-01-09 17:16:29'),
(247, 3, 25.40, '', 3, 2, '2010-01-11', 'Esselunga', '2010-01-11', '2010-01-11', '2010-01-11 21:15:14', '2010-01-11 21:15:14'),
(248, 11, 14.00, 'Detersivi lavatrice', 3, 2, '2010-01-11', 'Esselunga', '2010-01-11', '2010-01-11', '2010-01-11 21:16:40', '2010-01-11 21:16:40'),
(249, 24, 7.00, '', 1, 1, '2010-01-11', 'Anima e Cozze', '2010-01-11', '2010-01-11', '2010-01-11 21:18:20', '2010-01-11 21:18:20'),
(250, 27, 17.40, 'Pranzo Foxtown', 3, 1, '2010-01-10', 'Foxtown', '2010-01-10', '2010-01-10', '2010-01-11 21:20:53', '2010-01-11 21:27:56'),
(251, 27, 6.00, 'Gelato', 3, 1, '2010-01-10', 'Gelateria foxtown', '2010-01-10', '2010-01-10', '2010-01-11 21:23:08', '2010-01-11 21:31:16'),
(252, 6, 43.00, '', 3, 1, '2010-01-10', 'Benzinaio svizzero', '2010-01-10', '2010-01-10', '2010-01-11 21:25:58', '2010-01-11 21:27:02'),
(253, 41, 6.40, 'Pedaggi', 3, 1, '2010-01-10', 'Autostrade', '2010-01-10', '2010-01-10', '2010-01-11 21:33:23', '2010-01-11 21:33:23'),
(254, 1, 369.00, 'Impermeabile ', 1, 1, '2010-01-10', 'Burberry', '2010-01-10', '2010-01-10', '2010-01-11 21:35:30', '2010-01-11 21:35:30'),
(255, 26, 105.00, 'Portafogli', 1, 1, '2010-01-10', 'Armani', '2010-01-10', '2010-01-10', '2010-01-11 21:37:05', '2010-01-11 21:37:05'),
(256, 17, 5.50, 'Bibite festa', 3, 1, '2010-01-09', 'GS', '2010-01-09', '2010-01-09', '2010-01-11 21:40:53', '2010-01-11 21:41:53'),
(257, 3, 6.00, '', 3, 2, '2010-01-08', 'Market', '2010-01-08', '2010-01-08', '2010-01-11 21:44:02', '2010-01-11 21:44:02'),
(258, 27, 43.00, 'Cena con Ettore', 3, 1, '2010-01-08', 'Maruzzella', '2010-01-08', '2010-01-08', '2010-01-11 21:45:13', '2010-01-11 21:45:13'),
(259, 24, 7.00, '', 1, 1, '2010-01-08', 'Anima e Cozze', '2010-01-08', '2010-01-08', '2010-01-11 21:46:17', '2010-01-11 21:46:17'),
(260, 3, 4.50, '', 3, 2, '2010-01-07', 'GS', '2010-01-07', '2010-01-07', '2010-01-11 21:47:40', '2010-01-11 21:47:40'),
(261, 24, 7.50, '', 1, 1, '2010-01-07', 'Anima e Cozze', '2010-01-07', '2010-01-07', '2010-01-11 21:48:32', '2010-01-11 21:48:32'),
(262, 27, 28.00, '', 3, 1, '2009-12-28', 'Ristorante tunisino', '2009-12-28', '2009-12-28', '2010-01-11 21:55:04', '2010-01-11 21:55:04'),
(263, 17, 10.00, 'Aperitivo', 3, 2, '2009-12-29', 'L''aperitivo', '2009-12-29', '2009-12-29', '2010-01-11 21:57:23', '2010-01-11 21:57:23'),
(264, 10, 10.00, 'Materiali quadri', 3, 1, '2009-12-29', 'Cartoleria', '2009-12-29', '2009-12-29', '2010-01-11 21:59:37', '2010-01-11 21:59:37'),
(265, 12, 27.00, 'Piega e colore', 2, 2, '2009-12-29', 'Parrucchiere', '2009-12-29', '2009-12-29', '2010-01-11 22:01:15', '2010-01-11 22:01:15'),
(266, 35, 5.00, 'Ricarica', 2, 2, '2009-12-30', 'Tre', '2009-12-30', '2009-12-30', '2010-01-11 22:03:26', '2010-01-11 22:07:50'),
(267, 35, 5.00, 'Ricarica', 1, 1, '2009-12-30', 'Tre', '2009-12-30', '2009-12-30', '2010-01-11 22:05:12', '2010-01-11 22:07:12'),
(268, 22, 15.00, 'Pullman Malpensa', 3, 1, '2009-12-31', 'Autostradale', '2009-12-31', '2009-12-31', '2010-01-11 22:10:05', '2010-01-11 22:10:05'),
(269, 3, 20.45, '', 3, 2, '2009-12-31', 'Esselunga', '2009-12-31', '2009-12-31', '2010-01-11 22:11:42', '2010-01-11 22:11:42'),
(270, 17, 5.00, 'Botti', 3, 2, '2009-12-31', 'Cinesi', '2009-12-31', '2009-12-31', '2010-01-11 22:14:20', '2010-01-11 22:14:20'),
(271, 17, 1.50, 'Botti', 3, 1, '2009-12-31', 'Cinesi', '2009-12-31', '2009-12-31', '2010-01-11 22:16:17', '2010-01-11 22:16:17'),
(272, 27, 23.50, 'Pizza', 3, 1, '2010-01-01', 'Solo pizza', '2010-01-01', '2010-01-01', '2010-01-11 22:18:11', '2010-01-11 22:18:11'),
(273, 27, 22.50, 'Pizza con amici palermitani', 3, 1, '2009-12-26', 'Taverna di John', '2009-12-26', '2009-12-26', '2010-01-11 22:19:54', '2010-01-11 22:19:54'),
(274, 17, 15.00, 'Cannoli', 3, 1, '2009-12-25', 'Ice cream', '2009-12-25', '2009-12-25', '2010-01-11 22:22:54', '2010-01-11 22:22:54'),
(275, 26, 13.00, 'Regalo Lucrezia', 2, 2, '2009-12-24', 'Negozietto Monreale', '2009-12-24', '2009-12-24', '2010-01-11 22:24:54', '2010-01-11 22:36:35'),
(276, 26, 16.00, 'Regalo mamma tesorino', 2, 2, '2009-12-24', 'Negozietto Monreale', '2009-12-24', '2009-12-24', '2010-01-11 22:27:12', '2010-01-11 22:36:11'),
(277, 26, 7.00, 'Biglietti Natale', 2, 2, '2009-12-24', 'Cartoleria', '2009-12-24', '2009-12-24', '2010-01-11 22:28:47', '2010-01-11 22:28:47'),
(278, 26, 5.00, 'Biglietto Natale', 1, 1, '2009-12-23', 'Thun', '2009-12-23', '2009-12-23', '2010-01-11 22:30:21', '2010-01-11 22:30:21'),
(279, 26, 49.00, 'Regalo Mamma', 1, 1, '2009-12-23', 'Migliore', '2009-12-23', '2009-12-23', '2010-01-11 22:31:48', '2010-01-11 22:31:48'),
(280, 17, 4.00, 'Gelato', 3, 1, '2009-12-23', 'Stancampiano', '2009-12-23', '2009-12-23', '2010-01-11 22:33:16', '2010-01-11 22:33:16'),
(281, 26, 15.00, 'Regalo Paola', 1, 1, '2009-12-23', 'Feltrinelli', '2009-12-23', '2009-12-23', '2010-01-11 22:38:46', '2010-01-11 22:38:46'),
(282, 27, 28.00, 'Cena con Paola e Morice', 3, 1, '2009-12-23', 'Peppino', '2009-12-23', '2009-12-23', '2010-01-11 22:40:40', '2010-01-11 22:40:40'),
(283, 12, 8.00, 'Ceretta', 2, 2, '2009-12-22', 'Estetista Barbara', '2009-12-23', '2009-12-23', '2010-01-11 22:41:56', '2010-01-11 22:41:56'),
(284, 26, 5.00, 'Stella di Natale', 1, 1, '2009-12-22', 'Fioraio', '2009-12-22', '2009-12-22', '2010-01-11 22:43:12', '2010-01-11 22:43:12'),
(285, 26, 27.00, 'Regalo Paola e Morice', 2, 2, '2009-12-20', 'Muji', '2009-12-20', '2009-12-20', '2010-01-11 22:44:47', '2010-01-11 22:47:28'),
(286, 26, 87.00, 'Guanti', 2, 2, '2009-12-20', 'Spiga 46', '2009-12-20', '2009-12-20', '2010-01-11 22:46:31', '2010-01-11 22:46:31'),
(287, 26, 13.00, 'Regalo Paola', 1, 1, '2009-12-20', 'Pinkie', '2009-12-20', '2009-12-20', '2010-01-11 22:49:11', '2010-01-11 22:49:11'),
(288, 10, 20.00, 'Ping pong', 3, 1, '2009-12-20', 'Decathlon', '2009-12-20', '2009-12-20', '2010-01-11 22:51:31', '2010-01-11 22:51:31'),
(289, 1, 5.00, 'Cappellino', 1, 1, '2009-12-20', 'Decathlon', '2009-12-20', '2009-12-20', '2010-01-11 22:53:41', '2010-01-11 22:53:41'),
(290, 22, 7.50, 'Pullman Malpensa', 2, 2, '2009-12-20', 'Autostradale', '2009-12-20', '2009-12-20', '2010-01-11 22:55:25', '2010-01-11 22:55:25'),
(291, 36, 34.94, '', 3, 1, '2010-01-04', 'Tiscali', '2009-12-01', '2009-12-31', '2010-01-14 16:33:24', '0000-00-00 00:00:00'),
(292, 3, 77.60, 'Spesa', 3, 2, '2010-01-15', 'Iper', '2010-01-15', '2010-01-15', '2010-01-18 02:54:34', '0000-00-00 00:00:00'),
(293, 26, 15.00, 'Pigiama Marcello', 2, 2, '2010-01-15', 'Tezenis', '2010-01-15', '2010-01-15', '2010-01-18 03:08:22', '0000-00-00 00:00:00'),
(294, 1, 13.00, 'Gonna', 2, 2, '2010-01-15', 'Zara', '2010-01-15', '2010-01-15', '2010-01-18 03:09:31', '0000-00-00 00:00:00'),
(295, 10, 5.75, 'Tazze', 3, 2, '2010-01-15', 'Botanic', '2010-01-15', '2010-01-15', '2010-01-18 03:10:17', '0000-00-00 00:00:00'),
(296, 24, 21.50, '', 3, 1, '2010-01-15', 'Taverna della trisa', '2010-01-15', '2010-01-15', '2010-01-18 03:11:10', '0000-00-00 00:00:00'),
(297, 11, 5.00, 'Tovaglioli etc', 3, 2, '2010-01-15', 'Negozietto vicino ufficio', '2010-01-15', '2010-01-15', '2010-01-18 03:12:27', '0000-00-00 00:00:00'),
(298, 17, 5.00, '', 3, 1, '2010-01-15', 'Sisal', '2010-01-15', '2010-01-15', '2010-01-18 03:13:06', '0000-00-00 00:00:00'),
(299, 27, 24.00, 'Pizza con amici per la partita', 3, 1, '2010-01-17', 'Pizzeria acqua marina', '2010-01-17', '2010-01-17', '2010-01-18 03:14:09', '0000-00-00 00:00:00'),
(300, 3, 5.50, 'Coca cola etc', 3, 1, '2010-01-17', 'Esselunga', '2010-01-17', '2010-01-17', '2010-01-18 03:15:17', '0000-00-00 00:00:00'),
(301, 1, 8.00, '', 2, 2, '2010-01-14', 'Calzedonia', '2010-01-14', '2010-01-14', '2010-01-18 03:16:16', '0000-00-00 00:00:00'),
(302, 24, 7.00, '', 1, 1, '2010-01-14', 'Anima e Cozze', '2010-01-14', '2010-01-14', '2010-01-18 03:16:46', '0000-00-00 00:00:00'),
(303, 24, 7.00, '', 1, 1, '2010-01-13', 'Anima e Cozze', '2010-01-13', '2010-01-13', '2010-01-18 03:32:07', '0000-00-00 00:00:00'),
(304, 24, 7.00, '', 1, 1, '2010-01-12', 'Anima e Cozze', '2010-01-12', '2010-01-12', '2010-01-18 03:32:38', '0000-00-00 00:00:00'),
(305, 37, 28.72, 'Acconto', 3, 2, '2010-01-14', 'Lord Kensington Hotel', '2010-01-14', '2010-01-14', '2010-01-18 04:23:35', '0000-00-00 00:00:00'),
(306, 23, 1096.36, '', 3, 1, '2010-01-01', 'CheBanca', '2010-01-01', '2010-01-01', '2010-01-18 05:19:06', '0000-00-00 00:00:00'),
(307, 17, 63.73, '', 3, 1, '2009-12-31', 'Sky', '2009-12-31', '2009-12-31', '2010-01-18 05:20:11', '0000-00-00 00:00:00'),
(308, 2, 35.00, 'Casco scodella', 3, 1, '2009-12-23', 'Rialb', '2009-12-23', '2009-12-23', '2010-01-18 05:21:18', '0000-00-00 00:00:00'),
(309, 4, 600.00, 'Comò e comodini', 3, 1, '2009-12-05', 'Bossi', '2009-12-05', '2009-12-05', '2010-01-18 05:22:44', '0000-00-00 00:00:00'),
(310, 23, 1095.62, 'Rata dicembre', 3, 1, '2009-12-01', 'CheBanca', '2009-12-01', '2009-12-01', '2010-01-18 05:23:37', '0000-00-00 00:00:00'),
(311, 10, 77.45, '?', 3, 1, '2009-11-29', 'Leroy Merlin', '2009-11-29', '2009-11-29', '2010-01-18 05:24:36', '0000-00-00 00:00:00'),
(312, 23, 1097.86, 'Rata novembre', 3, 1, '2009-11-01', 'CheBanca', '2009-11-01', '2009-11-01', '2010-01-18 05:25:32', '0000-00-00 00:00:00'),
(313, 17, 22.00, '?', 3, 1, '2009-11-04', 'Cinema Apollo', '2009-11-04', '2009-11-04', '2010-01-18 05:29:06', '0000-00-00 00:00:00'),
(314, 36, 38.10, '', 3, 1, '2009-11-22', 'Tiscali', '2009-11-22', '2009-11-22', '2010-01-18 05:30:00', '0000-00-00 00:00:00'),
(315, 41, 3.20, 'Pedaggi', 3, 1, '2010-01-02', 'Autostrade', '2010-01-02', '2010-01-02', '2010-01-18 07:07:41', '0000-00-00 00:00:00'),
(316, 41, 30.00, 'Bollino', 3, 1, '2010-01-02', 'Svizzera', '2010-01-02', '2010-01-02', '2010-01-18 07:08:31', '0000-00-00 00:00:00'),
(317, 41, 71.39, '', 3, 1, '2010-01-02', 'Benzinaio svizzero', '2010-01-02', '2010-01-02', '2010-01-18 07:09:09', '0000-00-00 00:00:00'),
(318, 40, 3.75, 'Colazione', 3, 1, '2010-01-02', '', '2010-01-02', '2010-01-02', '2010-01-18 07:09:50', '0000-00-00 00:00:00'),
(319, 7, 5.00, 'Liquido radiatore', 3, 1, '2010-01-02', '', '2010-01-02', '2010-01-02', '2010-01-18 07:10:36', '0000-00-00 00:00:00'),
(320, 7, 6.00, 'Liquido vetri', 3, 1, '2010-01-02', '', '2010-01-02', '2010-01-02', '2010-01-18 07:12:06', '0000-00-00 00:00:00'),
(321, 41, 8.00, 'Vignetta', 3, 1, '2010-01-02', 'Austria', '2010-01-02', '2010-01-02', '2010-01-18 07:12:45', '0000-00-00 00:00:00'),
(322, 40, 10.40, 'Merenda', 1, 3, '2010-01-02', 'Starbucks', '2010-01-02', '2010-01-02', '2010-01-18 07:13:23', '0000-00-00 00:00:00'),
(323, 40, 8.00, 'Colazione', 3, 2, '2010-01-03', '', '2010-01-03', '2010-01-03', '2010-01-18 07:14:03', '0000-00-00 00:00:00'),
(324, 38, 22.00, '', 3, 1, '2010-01-03', 'Residenz museum', '2010-01-03', '2010-01-03', '2010-01-18 07:14:43', '0000-00-00 00:00:00'),
(325, 40, 31.60, 'Pranzo Monaco', 3, 1, '2010-01-03', '', '2010-01-03', '2010-01-03', '2010-01-18 07:15:26', '0000-00-00 00:00:00'),
(326, 40, 20.60, 'Cena Monaco', 3, 1, '2010-01-03', '', '2010-01-03', '2010-01-03', '2010-01-18 07:16:01', '0000-00-00 00:00:00'),
(327, 40, 7.60, 'Colazione Monaco', 3, 2, '2010-01-04', '', '2010-01-04', '2010-01-04', '2010-01-18 07:18:43', '0000-00-00 00:00:00'),
(328, 41, 6.00, 'Parcheggio', 3, 2, '2010-01-04', '', '2010-01-04', '2010-01-04', '2010-01-18 07:19:18', '0000-00-00 00:00:00'),
(329, 38, 19.50, '', 3, 1, '2010-01-04', 'Nymphenburg', '2010-01-04', '2010-01-04', '2010-01-18 07:20:00', '0000-00-00 00:00:00'),
(330, 41, 4.80, '', 3, 1, '2010-01-04', 'Tram', '2010-01-04', '2010-01-04', '2010-01-18 07:20:30', '0000-00-00 00:00:00'),
(331, 40, 28.10, 'Pranzo Monaco', 3, 1, '2010-01-04', '', '2010-01-04', '2010-01-04', '2010-01-18 07:21:08', '0000-00-00 00:00:00'),
(332, 1, 34.00, 'Maglione', 1, 1, '2010-01-04', 'Dutti', '2010-01-04', '2010-01-04', '2010-01-18 07:21:49', '0000-00-00 00:00:00'),
(333, 26, 12.90, 'Copertina iPod', 1, 1, '2010-01-04', '', '2010-01-04', '2010-01-04', '2010-01-18 07:22:20', '0000-00-00 00:00:00'),
(334, 40, 16.90, 'Cena Monaco', 3, 1, '2010-01-04', '', '2010-01-04', '2010-01-04', '2010-01-18 07:22:51', '0000-00-00 00:00:00'),
(335, 40, 10.20, 'Colazione Monaco', 3, 1, '2010-01-05', '', '2010-01-05', '2010-01-05', '2010-01-18 07:47:50', '0000-00-00 00:00:00'),
(336, 38, 10.00, '', 3, 1, '2010-01-05', 'Museo', '2010-01-05', '2010-01-05', '2010-01-18 07:48:45', '0000-00-00 00:00:00'),
(337, 41, 2.00, 'Parcheggio', 3, 1, '2010-01-05', '', '2010-01-05', '2010-01-05', '2010-01-18 07:49:56', '0000-00-00 00:00:00'),
(338, 40, 10.10, 'Pranzo Monaco', 3, 1, '2010-01-05', '', '2010-01-05', '2010-01-05', '2010-01-18 07:51:10', '0000-00-00 00:00:00'),
(339, 40, 6.20, 'Merenda', 1, 1, '2010-01-05', '', '2010-01-05', '2010-01-05', '2010-01-18 07:51:45', '0000-00-00 00:00:00'),
(340, 40, 18.50, 'Birre', 3, 1, '2010-01-05', '', '2010-01-05', '2010-01-05', '2010-01-18 07:52:47', '0000-00-00 00:00:00'),
(341, 38, 26.00, '', 3, 1, '2010-01-05', 'Pinacoteca', '2010-01-05', '2010-01-05', '2010-01-18 07:53:29', '0000-00-00 00:00:00'),
(342, 41, 3.60, 'Parcheggio', 3, 1, '2010-01-05', '', '2010-01-05', '2010-01-05', '2010-01-18 07:54:16', '0000-00-00 00:00:00'),
(343, 38, 50.00, '', 3, 2, '2010-01-05', 'Circus Krone', '2010-01-05', '2010-01-05', '2010-01-18 07:54:53', '0000-00-00 00:00:00'),
(344, 40, 5.00, 'Merenda', 3, 1, '2010-01-05', 'Circus Krone', '2010-01-05', '2010-01-05', '2010-01-18 07:55:36', '0000-00-00 00:00:00'),
(345, 40, 19.20, 'Cena Monaco', 3, 2, '2010-01-05', 'Fraunhofer', '2010-01-05', '2010-01-05', '2010-01-18 07:57:37', '0000-00-00 00:00:00'),
(346, 40, 11.00, 'Colazione Monaco', 3, 2, '2010-01-06', '', '2010-01-06', '2010-01-06', '2010-01-18 07:58:20', '0000-00-00 00:00:00'),
(347, 38, 18.00, 'Castello Fussen', 3, 3, '2010-01-06', '', '2010-01-06', '2010-01-06', '2010-01-18 07:59:37', '0000-00-00 00:00:00'),
(348, 40, 3.50, 'Polser', 3, 1, '2010-01-06', '', '2010-01-06', '2010-01-06', '2010-01-18 08:00:17', '0000-00-00 00:00:00'),
(349, 41, 4.50, 'Parcheggio', 3, 1, '2010-01-06', '', '2010-01-06', '2010-01-06', '2010-01-18 08:00:55', '0000-00-00 00:00:00'),
(350, 41, 19.00, 'Benzina', 3, 2, '2010-01-06', '', '2010-01-06', '2010-01-06', '2010-01-18 08:01:59', '0000-00-00 00:00:00'),
(351, 41, 62.00, 'Benzina', 3, 1, '2010-01-06', '', '2010-01-06', '2010-01-06', '2010-01-18 08:02:38', '0000-00-00 00:00:00'),
(352, 40, 3.00, 'Formaggio puzzoso', 3, 1, '2010-01-06', '', '2010-01-06', '2010-01-06', '2010-01-18 08:03:24', '0000-00-00 00:00:00'),
(353, 41, 3.20, 'Pedaggi', 3, 2, '2010-01-06', '', '2010-01-06', '2010-01-06', '2010-01-18 08:03:58', '0000-00-00 00:00:00'),
(354, 3, 6.00, '', 3, 2, '2010-01-19', 'Esselunga', '2010-01-19', '2010-01-19', '2010-01-19 16:10:35', '0000-00-00 00:00:00'),
(355, 24, 7.50, '', 1, 1, '2010-01-19', 'Anima e cozze', '2010-01-19', '2010-01-19', '2010-01-19 16:12:09', '0000-00-00 00:00:00'),
(356, 17, 5.00, 'Aperitivo', 3, 1, '2010-01-19', ' Next', '2010-01-19', '2010-01-19', '2010-01-19 16:14:31', '0000-00-00 00:00:00'),
(357, 42, 4.50, 'Raccomandata fineco e spedizione certificato', 3, 2, '2010-01-19', 'Poste', '2010-01-19', '2010-01-19', '2010-01-19 16:18:53', '0000-00-00 00:00:00'),
(358, 3, 3.00, '', 3, 2, '2010-01-20', 'Ipercoop', '2010-01-20', '2010-01-20', '2010-01-20 09:40:02', '0000-00-00 00:00:00'),
(359, 11, 3.00, 'Ammorbidente ed imbuto', 3, 2, '2010-01-20', 'Ipercoop', '2010-01-20', '2010-01-20', '2010-01-20 09:41:31', '0000-00-00 00:00:00'),
(360, 12, 4.00, 'crema corpo, detergente intimo', 2, 2, '2010-01-20', 'Ipercoop', '2010-01-20', '2010-01-20', '2010-01-20 09:42:46', '0000-00-00 00:00:00'),
(361, 24, 7.50, '', 1, 1, '2010-01-20', 'Anima e Cozze', '2010-01-20', '2010-01-20', '2010-01-20 09:50:45', '0000-00-00 00:00:00'),
(362, 12, 17.00, '', 1, 1, '2010-01-20', 'Barbiere', '2010-01-20', '2010-01-20', '2010-01-20 19:30:32', '0000-00-00 00:00:00'),
(363, 42, 30.00, 'Libro concorso', 2, 2, '2010-01-20', 'Libreria la giuridica', '2010-01-20', '2010-01-20', '2010-01-20 19:31:31', '0000-00-00 00:00:00'),
(364, 10, 13.00, 'Padella crepes', 3, 2, '2010-01-21', 'Ipercoop', '2010-01-21', '2010-01-21', '2010-01-21 11:14:21', '0000-00-00 00:00:00'),
(365, 3, 1.36, '', 3, 2, '2010-01-21', 'Ipercoop', '2010-01-21', '2010-01-21', '2010-01-21 11:15:35', '0000-00-00 00:00:00'),
(366, 11, 0.80, 'Tovaglioli 2 pacchi', 3, 2, '2010-01-21', 'Ipercoop', '2010-01-21', '2010-01-21', '2010-01-21 11:16:56', '0000-00-00 00:00:00'),
(367, 24, 5.00, '', 2, 2, '2010-01-22', 'Iper', '2010-01-22', '2010-01-22', '2010-01-22 10:09:15', '0000-00-00 00:00:00'),
(368, 41, 17.80, '', 3, 3, '2010-01-22', 'Autostradale', '2010-01-22', '2010-01-22', '2010-01-22 13:12:28', '0000-00-00 00:00:00'),
(369, 41, 1.00, '', 1, 1, '2010-01-22', 'ATM', '2010-01-22', '2010-01-22', '2010-01-22 13:17:01', '0000-00-00 00:00:00'),
(370, 40, 6.60, '', 3, 3, '2010-01-22', 'mcdonald''s', '2010-01-22', '2010-01-22', '2010-01-22 15:29:32', '0000-00-00 00:00:00'),
(371, 37, 127.49, '', 3, 3, '2010-01-23', 'Lord kensington hotel', '2010-01-23', '2010-01-23', '2010-01-23 08:18:47', '0000-00-00 00:00:00'),
(372, 41, 15.00, '', 3, 3, '2010-01-22', 'Taxi', '2010-01-22', '2010-01-22', '2010-01-23 08:20:01', '0000-00-00 00:00:00'),
(373, 41, 11.20, '2 tessere giornaliere', 3, 3, '2010-01-23', 'Autobus', '2010-01-23', '2010-01-23', '2010-01-23 08:22:05', '0000-00-00 00:00:00'),
(374, 40, 9.78, 'Pranzo', 3, 3, '2010-01-23', 'Mac donald''s', '2010-01-23', '2010-01-23', '2010-01-23 08:24:17', '0000-00-00 00:00:00'),
(375, 40, 1.00, 'Acqua', 3, 3, '2010-01-22', 'Baracchino', '2010-01-22', '2010-01-22', '2010-01-23 08:25:33', '0000-00-00 00:00:00'),
(376, 40, 17.47, 'Cena Londra', 3, 3, '2010-01-24', 'The pommeler rest', '2010-01-24', '2010-01-24', '2010-01-24 15:02:48', '0000-00-00 00:00:00'),
(377, 40, 24.19, 'Cena indiano Londra', 3, 3, '2010-01-23', 'Bangaolori', '2010-01-23', '2010-01-23', '2010-01-24 15:05:02', '0000-00-00 00:00:00'),
(378, 41, 11.20, 'Biglietti metro', 3, 3, '2010-01-24', '', '2010-01-24', '2010-01-24', '2010-01-24 15:47:34', '0000-00-00 00:00:00'),
(379, 40, 17.00, 'Pranzo covent gardner', 3, 3, '2010-01-24', 'Pie', '2010-01-24', '2010-01-24', '2010-01-24 15:49:42', '0000-00-00 00:00:00'),
(380, 40, 5.85, 'Merenda', 3, 3, '2010-01-24', 'National geographic', '2010-01-24', '2010-01-24', '2010-01-24 15:51:27', '0000-00-00 00:00:00'),
(381, 40, 5.80, 'Merenda', 3, 3, '2010-01-23', 'Starbucks', '2010-01-23', '2010-01-23', '2010-01-24 15:53:03', '0000-00-00 00:00:00'),
(382, 38, 2.50, 'Audioguida', 3, 3, '2010-01-23', 'Tate modern', '2010-01-23', '2010-01-23', '2010-01-24 15:54:34', '0000-00-00 00:00:00'),
(384, 40, 1.50, 'Acqua', 3, 3, '2010-01-23', '', '2010-01-23', '2010-01-23', '2010-01-24 15:55:42', '0000-00-00 00:00:00'),
(385, 11, 11.00, 'Cosicchi e dentifricio', 3, 1, '2010-01-23', 'Boots', '2010-01-23', '2010-01-23', '2010-01-24 15:56:53', '0000-00-00 00:00:00'),
(386, 12, 1.99, 'Correttore', 2, 2, '2010-01-23', 'Boîte', '2010-01-23', '2010-01-23', '2010-01-24 15:57:35', '0000-00-00 00:00:00');
INSERT INTO `transactions` (`id`, `account_id`, `amount`, `description`, `recipient_subject_id`, `payer_subject_id`, `date`, `counterparty`, `ref_period_begin_date`, `ref_period_end_date`, `created_at`, `updated_at`) VALUES
(387, 41, 11.20, 'Biglietti metro Londra', 3, 3, '2010-01-25', '', '2010-01-25', '2010-01-25', '2010-01-26 10:07:14', '0000-00-00 00:00:00'),
(388, 38, 3.00, 'Guardaroba', 3, 3, '2010-01-25', 'British museum', '2010-01-25', '2010-01-25', '2010-01-26 10:08:29', '0000-00-00 00:00:00'),
(389, 41, 38.00, 'Treno stansted', 3, 3, '2010-01-25', '', '2010-01-25', '2010-01-25', '2010-01-26 10:09:52', '0000-00-00 00:00:00'),
(390, 40, 10.00, 'Pranzo Londra', 3, 3, '2010-01-25', '', '2010-01-25', '2010-01-25', '2010-01-26 10:10:54', '0000-00-00 00:00:00'),
(391, 40, 6.15, 'Cena Londra Marù', 3, 3, '2010-01-25', '', '2010-01-25', '2010-01-25', '2010-01-26 10:12:10', '0000-00-00 00:00:00'),
(392, 40, 6.90, 'Cena Londra Marcello', 3, 3, '2010-01-25', '', '2010-01-25', '2010-01-25', '2010-01-26 10:13:01', '0000-00-00 00:00:00'),
(393, 41, 3.00, 'Stampa biglietti', 3, 3, '2010-01-25', 'Aeroporto', '2010-01-25', '2010-01-25', '2010-01-26 10:14:22', '0000-00-00 00:00:00'),
(394, 40, 1.65, 'Camomilla Londra', 3, 3, '2010-01-25', '', '2010-01-25', '2010-01-25', '2010-01-26 10:15:14', '0000-00-00 00:00:00'),
(395, 3, 11.12, '', 3, 2, '2010-01-26', 'Esselunga', '2010-01-26', '2010-01-26', '2010-01-26 10:22:21', '0000-00-00 00:00:00'),
(396, 41, 11.20, 'Tessere metro Londra', 3, 3, '2010-01-25', '', '2010-01-25', '2010-01-25', '2010-01-26 10:42:38', '0000-00-00 00:00:00'),
(397, 26, 7.95, 'Pigiama', 2, 2, '2010-01-26', 'Tezenis', '2010-01-26', '2010-01-26', '2010-01-27 10:23:39', '0000-00-00 00:00:00'),
(398, 1, 25.99, 'Gilet', 1, 2, '2010-01-26', 'Zara', '2010-01-26', '2010-01-26', '2010-01-27 10:24:24', '0000-00-00 00:00:00'),
(399, 22, 12.00, 'Pullmann', 2, 2, '2010-01-27', 'Malpensa shuttle', '2010-01-27', '2010-01-27', '2010-01-27 10:26:55', '0000-00-00 00:00:00'),
(400, 24, 7.50, '', 1, 1, '2010-01-27', 'Anima e cozze', '2010-01-27', '2010-01-27', '2010-01-27 10:27:51', '0000-00-00 00:00:00'),
(401, 42, 2.00, '', 1, 2, '2010-01-27', 'Lavanderia', '2010-01-27', '2010-01-27', '2010-01-27 10:29:09', '0000-00-00 00:00:00'),
(402, 26, 224.00, 'Borsa La Marthe', 1, 1, '2010-01-21', 'Coin', '2010-01-21', '2010-01-21', '2010-01-28 06:28:09', '0000-00-00 00:00:00'),
(403, 24, 7.50, '', 1, 1, '2010-01-28', 'Anima e cozze', '2010-01-28', '2010-01-28', '2010-01-28 06:43:48', '0000-00-00 00:00:00'),
(404, 24, 7.50, '', 1, 1, '2010-02-02', 'Anima e Cozze', '2010-02-02', '2010-02-02', '2010-02-03 02:28:40', '0000-00-00 00:00:00'),
(405, 24, 3.10, '', 2, 1, '2010-02-02', 'Panificio', '2010-02-02', '2010-02-02', '2010-02-03 02:29:25', '0000-00-00 00:00:00'),
(406, 17, 8.00, 'Aperitivo', 3, 1, '2010-02-02', 'Noon', '2010-02-02', '2010-02-02', '2010-02-03 02:30:05', '0000-00-00 00:00:00'),
(407, 27, 36.50, 'Cena compleanno tesorino', 3, 1, '2010-02-02', 'Ganesh ristorante indiano', '2010-02-02', '2010-02-02', '2010-02-03 02:30:47', '0000-00-00 00:00:00'),
(408, 26, 125.00, 'Scarpe tesorino', 2, 2, '2010-02-02', 'Clarks', '2010-02-02', '2010-02-02', '2010-02-03 02:32:40', '0000-00-00 00:00:00'),
(409, 22, 2.00, '', 2, 2, '2010-02-02', 'Giornalaio', '2010-02-02', '2010-02-02', '2010-02-03 02:33:09', '0000-00-00 00:00:00'),
(410, 3, 11.00, '', 3, 2, '2010-02-01', 'Esselunga', '2010-02-01', '2010-02-01', '2010-02-03 02:34:45', '0000-00-00 00:00:00'),
(411, 10, 11.00, 'Tortiera', 3, 2, '2010-02-01', 'Esselunga', '2010-02-01', '2010-02-01', '2010-02-03 02:35:30', '0000-00-00 00:00:00'),
(412, 24, 7.00, '', 1, 1, '2010-02-01', 'Anima e Cozze', '2010-02-01', '2010-02-01', '2010-02-03 02:35:57', '0000-00-00 00:00:00'),
(413, 17, 13.00, 'Mostra McCurry', 3, 1, '2010-01-31', '', '2010-01-31', '2010-01-31', '2010-02-03 02:36:56', '0000-00-00 00:00:00'),
(414, 27, 24.00, 'p', 3, 1, '2010-01-31', 'Panino giusto', '2010-01-31', '2010-01-31', '2010-02-03 02:37:37', '0000-00-00 00:00:00'),
(415, 17, 7.00, 'Aperitivo', 3, 1, '2010-01-31', 'Caffè Savona', '2010-01-31', '2010-01-31', '2010-02-03 02:38:24', '0000-00-00 00:00:00'),
(416, 22, 4.00, '', 3, 1, '2010-01-31', 'Biglietti tram', '2010-01-31', '2010-01-31', '2010-02-03 02:39:05', '0000-00-00 00:00:00'),
(417, 22, 1.00, '', 2, 2, '2010-01-31', 'Biglietto tram', '2010-01-31', '2010-01-31', '2010-02-03 02:39:47', '0000-00-00 00:00:00'),
(418, 12, 10.00, 'Ceretta', 2, 2, '2010-01-30', 'Parrucchiere', '2010-01-30', '2010-01-30', '2010-02-03 02:41:07', '0000-00-00 00:00:00'),
(419, 27, 5.00, 'Cena con Chiara&Co.', 2, 2, '2010-01-30', 'Pizzeria sferracavallo', '2010-01-30', '2010-01-30', '2010-02-03 03:19:38', '0000-00-00 00:00:00'),
(420, 24, 7.50, '', 1, 1, '2010-01-29', 'Anima e Cozze', '2010-01-29', '2010-01-29', '2010-02-03 03:20:27', '0000-00-00 00:00:00'),
(421, 3, 6.00, 'torta tesorino', 3, 2, '2010-01-30', 'Nuccio', '2010-01-30', '2010-01-30', '2010-02-03 03:31:26', '0000-00-00 00:00:00'),
(422, 24, 0.80, 'Merenda', 2, 2, '2010-02-02', 'Mac Donald''s', '2010-02-02', '2010-02-02', '2010-02-03 03:34:44', '0000-00-00 00:00:00'),
(423, 24, 1.00, 'Cappuccino', 2, 2, '2010-02-02', '', '2010-02-02', '2010-02-02', '2010-02-03 03:35:20', '0000-00-00 00:00:00'),
(424, 19, 20.00, '', 1, 1, '2010-02-02', 'Esso Viale Cassala', '2010-02-02', '2010-02-02', '2010-02-03 05:46:27', '0000-00-00 00:00:00'),
(425, 3, 12.35, '', 3, 2, '2010-02-04', 'Esselunga', '2010-02-04', '2010-02-04', '2010-02-04 09:42:55', '0000-00-00 00:00:00'),
(426, 11, 3.00, 'Assorbenti', 2, 2, '2010-02-04', 'Esselunga', '2010-02-04', '2010-02-04', '2010-02-04 09:43:54', '0000-00-00 00:00:00'),
(427, 24, 7.00, '', 1, 1, '2010-02-04', 'Anima e Cozze', '2010-02-04', '2010-02-04', '2010-02-04 09:45:24', '0000-00-00 00:00:00'),
(428, 22, 9.20, 'Carnet 10 biglietti', 2, 2, '2010-02-03', 'Atm', '2010-02-03', '2010-02-03', '2010-02-04 09:46:38', '0000-00-00 00:00:00'),
(429, 24, 7.00, '', 1, 1, '2010-02-03', 'Anima e Cozze', '2010-02-03', '2010-02-03', '2010-02-04 09:51:38', '0000-00-00 00:00:00'),
(430, 1, 26.00, 'Vestitino', 2, 2, '2010-02-04', 'Zara', '2010-02-04', '2010-02-04', '2010-02-05 06:42:57', '0000-00-00 00:00:00'),
(431, 25, 120.00, 'Gennaio', 3, 1, '2010-02-05', 'Gennarino', '2010-01-01', '2010-01-31', '2010-02-05 08:42:44', '0000-00-00 00:00:00'),
(432, 43, 0.00, '', 2, 2, '2010-02-05', '', '2010-02-05', '2010-02-05', '2010-02-05 08:44:58', '0000-00-00 00:00:00'),
(433, 17, 27.00, 'Spesa festa Tesorino', 3, 1, '2010-02-05', 'Esselunga', '2010-02-05', '2010-02-05', '2010-02-05 08:46:34', '0000-00-00 00:00:00'),
(434, 17, 20.00, 'Spesa festa Tesorino', 3, 1, '2010-02-05', 'Esselunga', '2010-02-05', '2010-02-05', '2010-02-08 04:06:27', '0000-00-00 00:00:00'),
(435, 3, 22.88, 'Spesa', 3, 2, '2010-02-05', 'Ipercoop', '2010-02-05', '2010-02-05', '2010-02-08 04:08:36', '0000-00-00 00:00:00'),
(436, 17, 67.20, 'Spesa festa Tesorino', 3, 1, '2010-02-06', 'Ipercoop', '2010-02-06', '2010-02-06', '2010-02-08 04:10:15', '0000-00-00 00:00:00'),
(437, 27, 6.50, 'Pizza', 3, 2, '2010-02-07', 'Comuna Baires', '2010-02-07', '2010-02-07', '2010-02-08 04:11:18', '0000-00-00 00:00:00'),
(438, 43, 20.00, '', 2, 2, '2010-02-03', '', '2010-02-03', '2010-02-03', '2010-02-08 04:13:03', '0000-00-00 00:00:00'),
(439, 17, 5.50, 'Spesa festa Tesorino', 3, 1, '2010-02-06', 'Ikea food', '2010-02-06', '2010-02-06', '2010-02-08 04:27:29', '0000-00-00 00:00:00'),
(440, 17, 5.47, 'Spesa festa Tesorino', 3, 1, '2010-02-06', 'Ikea', '2010-02-06', '2010-02-06', '2010-02-08 04:50:50', '0000-00-00 00:00:00'),
(441, 10, 18.55, 'Pianta, grucce, scatole, vassoio,spatola dolci', 3, 1, '2010-02-06', 'Ikea', '2010-02-06', '2010-02-06', '2010-02-08 04:52:02', '0000-00-00 00:00:00'),
(442, 24, 7.00, '', 1, 1, '2010-02-08', 'Anima e cozze', '2010-02-08', '2010-02-08', '2010-02-09 01:32:00', '0000-00-00 00:00:00'),
(443, 27, 23.00, 'Pizza 10 comandamenti', 3, 1, '2010-02-08', 'Pizzeria cinese', '2010-02-08', '2010-02-08', '2010-02-09 01:44:08', '0000-00-00 00:00:00'),
(444, 24, 7.00, '', 1, 1, '2010-02-09', 'Anima e cozze', '2010-02-09', '2010-02-09', '2010-02-10 07:04:34', '0000-00-00 00:00:00'),
(445, 11, 4.35, 'Detersivi ', 3, 2, '2010-02-11', 'Esselunga', '2010-02-11', '2010-02-11', '2010-02-11 12:18:35', '0000-00-00 00:00:00'),
(446, 3, 11.95, 'Spesa', 3, 2, '2010-02-11', 'Esselunga', '2010-02-11', '2010-02-11', '2010-02-11 12:19:21', '0000-00-00 00:00:00'),
(447, 24, 7.00, '', 1, 1, '2010-02-11', 'Anima e Cozze', '2010-02-11', '2010-02-11', '2010-02-11 12:19:49', '0000-00-00 00:00:00'),
(448, 24, 7.00, '', 1, 1, '2010-02-12', 'Anima e cozze', '2010-02-12', '2010-02-12', '2010-02-14 07:36:04', '0000-00-00 00:00:00'),
(449, 24, 3.00, '', 2, 2, '2010-02-12', 'Fornaio', '2010-02-12', '2010-02-12', '2010-02-14 07:36:56', '0000-00-00 00:00:00'),
(450, 11, 2.00, 'Dentifricio', 3, 2, '2010-02-12', 'Limoni', '2010-02-12', '2010-02-12', '2010-02-14 07:37:39', '0000-00-00 00:00:00'),
(451, 27, 25.50, '', 3, 1, '2010-02-12', 'Mysushi', '2010-02-12', '2010-02-12', '2010-02-14 07:38:15', '0000-00-00 00:00:00'),
(452, 17, 18.00, 'Avatar', 3, 1, '2010-02-12', 'Cinema', '2010-02-12', '2010-02-12', '2010-02-14 07:38:55', '0000-00-00 00:00:00'),
(453, 17, 2.00, 'Acqua', 3, 1, '2010-02-12', 'Cinema', '2010-02-12', '2010-02-12', '2010-02-14 07:39:30', '0000-00-00 00:00:00'),
(454, 27, 21.00, '', 3, 1, '2010-02-13', 'Old wild west', '2010-02-13', '2010-02-13', '2010-02-14 07:40:12', '0000-00-00 00:00:00'),
(455, 6, 62.00, '', 3, 1, '2010-02-13', 'Benzinaio', '2010-02-13', '2010-02-13', '2010-02-14 07:40:48', '0000-00-00 00:00:00'),
(456, 17, 2.60, 'Merenda', 3, 2, '2010-02-13', 'Maccafè', '2010-02-13', '2010-02-13', '2010-02-14 07:41:48', '0000-00-00 00:00:00'),
(457, 17, 11.50, 'Carnevale', 3, 1, '2010-02-13', 'Bossi', '2010-02-13', '2010-02-13', '2010-02-14 07:42:35', '0000-00-00 00:00:00'),
(458, 26, 11.30, 'Agenda ricette', 1, 1, '2010-02-14', 'Feltrinelli', '2010-02-14', '2010-02-14', '2010-02-15 02:19:15', '0000-00-00 00:00:00'),
(459, 27, 40.00, 'Cena con Lucrezia', 3, 1, '2010-02-15', 'Mysushi', '2010-02-15', '2010-02-15', '2010-02-16 01:54:17', '0000-00-00 00:00:00'),
(460, 24, 7.50, '', 1, 1, '2010-02-15', 'Anima e Cozze', '2010-02-15', '2010-02-15', '2010-02-16 16:44:45', '0000-00-00 00:00:00'),
(461, 3, 5.00, '', 3, 2, '2010-02-15', 'Esselunga', '2010-02-15', '2010-02-15', '2010-02-16 16:46:19', '0000-00-00 00:00:00'),
(462, 3, 14.52, 'Cena Lucrezia e Giorgio', 3, 2, '2010-02-16', 'Sma', '2010-02-16', '2010-02-16', '2010-02-16 16:48:00', '0000-00-00 00:00:00'),
(463, 24, 5.00, '', 2, 2, '2010-02-16', 'Pranzo Biblioteca', '2010-02-16', '2010-02-16', '2010-02-16 16:49:13', '0000-00-00 00:00:00'),
(464, 42, 7.30, '', 2, 2, '2010-02-16', 'Tessera biblioteca', '2010-02-16', '2010-02-16', '2010-02-16 16:50:12', '0000-00-00 00:00:00'),
(465, 24, 7.00, '', 1, 1, '2010-02-16', 'Anima e Cozze', '2010-02-16', '2010-02-16', '2010-02-16 17:17:04', '0000-00-00 00:00:00'),
(466, 3, 6.15, '', 3, 2, '2010-02-17', 'Esselunga', '2010-02-17', '2010-02-17', '2010-02-17 16:39:08', '0000-00-00 00:00:00'),
(467, 22, 9.20, 'Carnet 10 biglietti', 2, 2, '2010-02-17', 'Atm', '2010-02-17', '2010-02-17', '2010-02-17 16:41:17', '0000-00-00 00:00:00'),
(468, 43, 30.00, '', 2, 2, '2010-02-16', 'BPM', '2010-02-16', '2010-02-16', '2010-02-17 16:42:38', '0000-00-00 00:00:00'),
(469, 24, 7.00, '', 1, 1, '2010-02-17', 'Anima e Cozze', '2010-02-17', '2010-02-17', '2010-02-17 16:43:02', '0000-00-00 00:00:00'),
(470, 3, 15.00, 'stuzzichini riunione condominio', 3, 2, '2010-02-18', 'Esselunga', '2010-02-18', '2010-02-18', '2010-02-18 16:47:12', '0000-00-00 00:00:00'),
(471, 43, 50.00, '', 2, 2, '2010-02-18', '', '2010-02-18', '2010-02-18', '2010-02-18 16:47:41', '0000-00-00 00:00:00'),
(472, 41, 53.83, 'Biglietto mamma tesorino', 1, 1, '2010-02-20', 'Alitalia', '2010-02-20', '2010-02-20', '2010-02-20 04:58:27', '0000-00-00 00:00:00'),
(473, 27, 15.00, '', 3, 1, '2010-02-20', 'Kebab', '2010-02-20', '2010-02-20', '2010-02-22 07:12:09', '0000-00-00 00:00:00'),
(474, 12, 8.10, '', 2, 2, '2010-02-20', 'Strisce ceretta', '2010-02-20', '2010-02-20', '2010-02-22 07:13:11', '0000-00-00 00:00:00'),
(475, 1, 274.50, 'Giubbotto neve', 1, 1, '2010-02-20', 'Planet sport', '2010-02-20', '2010-02-20', '2010-02-22 07:17:20', '0000-00-00 00:00:00'),
(476, 1, 42.00, 'Giubbotto neve', 2, 2, '2010-02-20', 'Planet sport', '2010-02-20', '2010-02-20', '2010-02-22 07:18:14', '0000-00-00 00:00:00'),
(477, 17, 15.00, 'Festa carnevale', 3, 1, '2010-02-20', 'Spazio petardo', '2010-02-20', '2010-02-20', '2010-02-22 07:19:23', '0000-00-00 00:00:00'),
(478, 2, 6.50, '', 1, 1, '2010-02-20', 'Negozietto carnevale', '2010-02-20', '2010-02-20', '2010-02-22 07:20:05', '0000-00-00 00:00:00'),
(479, 22, 4.40, 'Treno seregno', 2, 2, '2010-02-20', 'Trenitalia', '2010-02-20', '2010-02-20', '2010-02-22 07:21:04', '0000-00-00 00:00:00'),
(480, 22, 4.40, 'Treno seregno', 2, 2, '2010-02-20', 'Trenitalia', '2010-02-20', '2010-02-20', '2010-02-22 07:22:08', '0000-00-00 00:00:00'),
(481, 1, 7.95, '', 2, 2, '2010-02-20', 'Calzedonia', '2010-02-20', '2010-02-20', '2010-02-24 13:41:13', '0000-00-00 00:00:00'),
(482, 1, 39.60, 'Gonna', 2, 2, '2010-02-19', 'Max&Co', '2010-02-19', '2010-02-19', '2010-02-24 13:42:04', '0000-00-00 00:00:00'),
(483, 1, 8.95, 'Cinta', 2, 2, '2010-02-20', 'Pimkie', '2010-02-20', '2010-02-20', '2010-02-24 13:42:38', '0000-00-00 00:00:00'),
(484, 1, 34.90, 'Camicia', 2, 2, '2010-02-21', 'Massimo Dutti', '2010-02-21', '2010-02-21', '2010-02-24 13:43:24', '0000-00-00 00:00:00'),
(485, 30, 12.00, 'Collirio', 1, 1, '2010-02-22', 'Farmacia', '2010-02-22', '2010-02-22', '2010-02-24 13:44:10', '0000-00-00 00:00:00'),
(486, 3, 19.00, 'Spesa ', 3, 2, '2010-02-22', 'Standa', '2010-02-22', '2010-02-22', '2010-02-24 13:45:06', '0000-00-00 00:00:00'),
(487, 22, 4.40, 'Treno Seregno', 2, 2, '2010-02-24', 'Trenitalia', '2010-02-24', '2010-02-24', '2010-02-24 13:47:09', '0000-00-00 00:00:00'),
(488, 22, 4.40, 'Treno Seregno', 2, 2, '2010-02-25', 'Trenitalia', '2010-02-25', '2010-02-25', '2010-02-24 13:48:20', '0000-00-00 00:00:00'),
(489, 24, 7.00, '', 1, 1, '2010-02-23', 'Anima e Cozze', '2010-02-23', '2010-02-23', '2010-02-24 13:48:45', '0000-00-00 00:00:00'),
(490, 24, 7.50, '', 1, 1, '2010-02-22', 'Anima e Cozze', '2010-02-22', '2010-02-22', '2010-02-24 13:49:10', '0000-00-00 00:00:00'),
(491, 24, 7.00, '', 1, 1, '2010-02-24', 'Anima e Cozze', '2010-02-24', '2010-02-24', '2010-02-24 13:49:34', '0000-00-00 00:00:00'),
(492, 24, 3.50, 'Colazione', 2, 2, '2010-02-24', 'Bar Seregno', '2010-02-24', '2010-02-24', '2010-02-24 13:50:19', '0000-00-00 00:00:00'),
(493, 35, 5.00, 'Ricarica', 2, 2, '2010-02-24', 'Tre', '2010-02-24', '2010-02-24', '2010-02-24 14:06:53', '0000-00-00 00:00:00'),
(494, 22, 4.40, 'Treno Seregno', 2, 2, '2010-02-26', 'Trenitalia', '2010-02-26', '2010-02-26', '2010-02-28 05:07:46', '0000-00-00 00:00:00'),
(495, 3, 74.00, 'Spesa', 3, 2, '2010-02-26', 'Ipercoop', '2010-02-26', '2010-02-26', '2010-02-28 05:08:29', '0000-00-00 00:00:00'),
(496, 24, 7.00, '', 1, 1, '2010-02-26', 'Anima e Cozze', '2010-02-26', '2010-02-26', '2010-02-28 05:08:57', '0000-00-00 00:00:00'),
(497, 24, 10.00, '', 1, 1, '2010-02-25', 'Fratelli La Bufala', '2010-02-25', '2010-02-25', '2010-02-28 05:09:35', '0000-00-00 00:00:00'),
(498, 27, 7.50, '', 3, 1, '2010-02-27', 'Burger king', '2010-02-27', '2010-02-27', '2010-02-28 05:10:55', '0000-00-00 00:00:00'),
(499, 27, 4.90, '', 3, 1, '2010-02-27', 'Spizzico', '2010-02-27', '2010-02-27', '2010-02-28 05:11:59', '0000-00-00 00:00:00'),
(500, 27, 1.30, 'Cappuccino', 3, 1, '2010-02-27', '', '2010-02-27', '2010-02-27', '2010-02-28 05:12:43', '0000-00-00 00:00:00'),
(501, 10, 85.00, '', 3, 2, '2010-02-27', 'Zara Home', '2010-02-27', '2010-02-27', '2010-02-28 05:14:27', '0000-00-00 00:00:00'),
(502, 17, 40.00, '', 3, 1, '2010-02-27', 'Regalo Maria', '2010-02-27', '2010-02-27', '2010-02-28 05:15:13', '0000-00-00 00:00:00'),
(503, 30, 4.90, 'Ketadol', 3, 2, '2010-02-27', 'Farmacia', '2010-02-27', '2010-02-27', '2010-02-28 10:39:40', '0000-00-00 00:00:00'),
(504, 30, 7.00, 'Zerinol', 3, 2, '2010-03-01', 'Farmacia', '2010-03-01', '2010-03-01', '2010-03-01 11:53:47', '0000-00-00 00:00:00'),
(505, 22, 9.20, 'Carnet 10 biglietti', 2, 2, '2010-03-02', 'Atm', '2010-03-02', '2010-03-02', '2010-03-02 10:47:39', '0000-00-00 00:00:00'),
(506, 43, 0.00, '', 2, 2, '2010-03-02', '', '2010-03-02', '2010-03-02', '2010-03-02 10:48:14', '0000-00-00 00:00:00'),
(507, 24, 6.00, '', 2, 2, '2010-03-03', 'Spizzico', '2010-03-03', '2010-03-03', '2010-03-04 11:14:59', '0000-00-00 00:00:00'),
(508, 6, 15.00, '', 3, 2, '2010-03-04', 'Benzinaio Seregno', '2010-03-04', '2010-03-04', '2010-03-04 11:15:42', '0000-00-00 00:00:00'),
(509, 24, 3.00, '', 2, 2, '2010-03-04', 'Panificio', '2010-03-04', '2010-03-04', '2010-03-04 11:16:39', '0000-00-00 00:00:00'),
(510, 42, 2.40, '', 2, 2, '2010-03-04', 'Scheda parcheggio', '2010-03-04', '2010-03-04', '2010-03-04 11:17:34', '0000-00-00 00:00:00'),
(511, 22, 2.20, 'Treno seregno', 2, 2, '2010-03-05', 'Trenitalia', '2010-03-05', '2010-03-05', '2010-03-06 08:05:20', '0000-00-00 00:00:00'),
(512, 22, 2.20, 'Treno seregno', 2, 2, '2010-03-05', 'Trenitalia', '2010-03-05', '2010-03-05', '2010-03-06 08:07:12', '0000-00-00 00:00:00'),
(513, 3, 9.00, 'Spesa', 2, 2, '2010-03-05', 'Esselunga', '2010-03-05', '2010-03-05', '2010-03-06 08:07:55', '0000-00-00 00:00:00'),
(514, 10, 10.00, 'sottotazze', 3, 2, '2010-03-06', 'Zara Home', '2010-03-06', '2010-03-06', '2010-03-07 11:10:40', '0000-00-00 00:00:00'),
(515, 11, 10.11, 'Lampadine frigo + detersivi', 3, 1, '2010-03-06', 'Iper', '2010-03-06', '2010-03-06', '2010-03-07 11:13:09', '0000-00-00 00:00:00'),
(516, 3, 4.09, 'Spesa', 3, 2, '2010-03-06', 'Iper', '2010-03-06', '2010-03-06', '2010-03-07 11:14:17', '0000-00-00 00:00:00'),
(517, 27, 21.00, '', 3, 1, '2010-03-06', 'Mysushi', '2010-03-06', '2010-03-06', '2010-03-07 11:14:58', '0000-00-00 00:00:00'),
(518, 27, 4.80, 'Gelato', 3, 1, '2010-03-06', 'Al Massimo', '2010-03-06', '2010-03-06', '2010-03-07 11:15:34', '0000-00-00 00:00:00'),
(519, 35, 5.00, 'Ricarica', 2, 2, '2010-03-07', 'Tre', '2010-03-07', '2010-03-07', '2010-03-08 02:56:29', '0000-00-00 00:00:00'),
(520, 17, 15.00, 'Shutter island', 3, 1, '2010-03-07', 'Cinema', '2010-03-07', '2010-03-07', '2010-03-08 02:57:06', '0000-00-00 00:00:00'),
(521, 27, 37.50, '', 3, 1, '2010-03-07', 'Ristorante cino-giapponese', '2010-03-07', '2010-03-07', '2010-03-08 02:58:10', '0000-00-00 00:00:00'),
(522, 3, 6.55, 'Spesa', 3, 2, '2010-03-09', 'Esselunga', '2010-03-09', '2010-03-09', '2010-03-09 15:58:08', '0000-00-00 00:00:00'),
(523, 42, 2.50, 'Spedizione libro Paola', 2, 2, '2010-03-09', 'Poste', '2010-03-09', '2010-03-09', '2010-03-09 15:58:52', '0000-00-00 00:00:00'),
(524, 24, 7.50, '', 1, 1, '2010-03-09', 'Anima e Cozze', '2010-03-09', '2010-03-09', '2010-03-09 15:59:22', '0000-00-00 00:00:00'),
(525, 12, 9.50, 'Liquido lentine', 2, 2, '2010-03-10', 'Ottico', '2010-03-10', '2010-03-10', '2010-03-10 11:26:50', '0000-00-00 00:00:00'),
(526, 42, 2.00, 'tessera fotocopie', 2, 2, '2010-03-10', 'biblioteca', '2010-03-10', '2010-03-10', '2010-03-10 11:35:17', '0000-00-00 00:00:00'),
(527, 24, 7.50, '', 1, 1, '2010-03-10', 'Anima e Cozze', '2010-03-10', '2010-03-10', '2010-03-10 18:28:17', '0000-00-00 00:00:00'),
(528, 24, 5.00, '', 2, 2, '2010-03-11', 'Panificio', '2010-03-11', '2010-03-11', '2010-03-11 15:46:24', '0000-00-00 00:00:00'),
(529, 43, 0.00, '', 2, 2, '2010-03-11', '', '2010-03-11', '2010-03-11', '2010-03-11 15:47:06', '0000-00-00 00:00:00'),
(530, 24, 7.50, '', 1, 1, '2010-03-11', 'Anima e Cozze', '2010-03-11', '2010-03-11', '2010-03-11 15:49:08', '0000-00-00 00:00:00'),
(531, 24, 7.00, '', 2, 2, '2010-03-12', 'Bar', '2010-03-12', '2010-03-12', '2010-03-12 14:04:21', '0000-00-00 00:00:00'),
(532, 3, 12.30, 'Spesa', 3, 2, '2010-03-12', 'Esselunga', '2010-03-12', '2010-03-12', '2010-03-12 14:05:40', '0000-00-00 00:00:00'),
(533, 12, 9.00, 'Colore capelli', 2, 2, '2010-03-12', '', '2010-03-12', '2010-03-12', '2010-03-12 14:06:22', '0000-00-00 00:00:00'),
(534, 24, 11.00, '', 1, 1, '2010-03-12', 'Anima e Cozze', '2010-03-12', '2010-03-12', '2010-03-12 14:07:37', '0000-00-00 00:00:00'),
(535, 17, 28.00, 'Sogno di una notte di mezza estate', 3, 1, '2010-03-11', 'Teatro Piccolo', '2010-03-11', '2010-03-11', '2010-03-12 14:12:52', '0000-00-00 00:00:00'),
(536, 17, 8.00, 'Teatro Piccolo', 3, 1, '2010-03-14', 'Bar ', '2010-03-14', '2010-03-14', '2010-03-15 04:04:22', '0000-00-00 00:00:00'),
(537, 17, 10.00, 'Fiori Cena Mary', 3, 1, '2010-03-14', '', '2010-03-14', '2010-03-14', '2010-03-15 04:05:06', '0000-00-00 00:00:00'),
(538, 3, 15.00, 'Spesa', 3, 2, '2010-03-15', 'Esselunga', '2010-03-15', '2010-03-15', '2010-03-15 12:57:15', '0000-00-00 00:00:00'),
(539, 24, 7.00, '', 1, 1, '2010-03-15', 'Anima e Cozze', '2010-03-15', '2010-03-15', '2010-03-15 12:58:25', '0000-00-00 00:00:00'),
(540, 3, 11.00, 'Spesa', 3, 2, '2010-03-16', 'Esselunga', '2010-03-16', '2010-03-16', '2010-03-17 03:20:39', '0000-00-00 00:00:00'),
(541, 3, 6.18, 'Spesa', 3, 2, '2010-03-18', 'Esselunga', '2010-03-18', '2010-03-18', '2010-03-18 16:46:28', '0000-00-00 00:00:00'),
(542, 11, 2.52, 'Detersivi', 3, 2, '2010-03-18', 'Esselunga', '2010-03-18', '2010-03-18', '2010-03-18 16:47:43', '0000-00-00 00:00:00'),
(543, 11, 3.15, 'Viakal', 3, 2, '2010-03-19', 'Ipercoop', '2010-03-19', '2010-03-19', '2010-03-19 07:53:47', '0000-00-00 00:00:00'),
(544, 12, 2.86, 'Deodorante', 2, 2, '2010-03-19', 'Ipercoop', '2010-03-19', '2010-03-19', '2010-03-19 07:54:39', '0000-00-00 00:00:00'),
(545, 3, 67.54, 'Spesa', 3, 2, '2010-03-19', 'Ipercoop', '2010-03-19', '2010-03-19', '2010-03-19 07:55:48', '0000-00-00 00:00:00'),
(546, 27, 21.00, '', 3, 1, '2010-03-20', 'Mysushi', '2010-03-20', '2010-03-20', '2010-03-23 18:12:46', '0000-00-00 00:00:00'),
(547, 27, 3.60, 'Gelato', 3, 1, '2010-03-20', 'Al Massimo', '2010-03-20', '2010-03-20', '2010-03-23 18:13:35', '0000-00-00 00:00:00'),
(548, 32, 8.00, '', 1, 1, '2010-03-23', 'Calcetto', '2010-03-23', '2010-03-23', '2010-03-23 18:14:42', '0000-00-00 00:00:00'),
(549, 32, 5.00, '', 1, 1, '2010-03-09', 'Calcetto', '2010-03-09', '2010-03-09', '2010-03-24 18:14:37', '0000-00-00 00:00:00'),
(550, 22, 9.20, 'Carnet 10 biglietti', 2, 2, '2010-03-24', 'Atm', '2010-03-24', '2010-03-24', '2010-03-24 18:16:17', '0000-00-00 00:00:00'),
(551, 26, 8.00, '', 2, 2, '2010-03-24', 'Porta lentine', '2010-03-24', '2010-03-24', '2010-03-24 18:17:25', '0000-00-00 00:00:00'),
(552, 24, 2.00, 'Cappuccino', 2, 2, '2010-03-24', '', '2010-03-24', '2010-03-24', '2010-03-24 18:21:52', '0000-00-00 00:00:00'),
(553, 10, 9.00, 'piatti ', 3, 2, '2010-03-20', 'Zara Home', '2010-03-20', '2010-03-20', '2010-03-24 18:28:34', '0000-00-00 00:00:00'),
(554, 17, 12.00, 'Notti bianche', 3, 2, '2010-03-24', 'Teatro Filodrammatici', '2010-03-24', '2010-03-24', '2010-03-25 05:05:06', '0000-00-00 00:00:00'),
(555, 43, 0.00, '', 2, 2, '2010-03-25', '', '2010-03-25', '2010-03-25', '2010-03-25 11:53:45', '0000-00-00 00:00:00'),
(556, 30, 22.50, 'visita dermatologica', 2, 2, '2010-03-25', 'ICP', '2010-03-25', '2010-03-25', '2010-03-25 11:54:33', '0000-00-00 00:00:00'),
(557, 12, 8.00, 'Cremine', 2, 2, '2010-03-25', 'Iper', '2010-03-25', '2010-03-25', '2010-03-25 11:55:40', '0000-00-00 00:00:00'),
(558, 3, 11.50, 'Spesa', 3, 2, '2010-03-25', 'Iper', '2010-03-25', '2010-03-25', '2010-03-25 11:56:20', '0000-00-00 00:00:00'),
(559, 24, 7.00, '', 1, 1, '2010-01-18', 'Anima e Cozze', '2010-01-18', '2010-01-18', '2010-03-26 10:56:57', '0000-00-00 00:00:00'),
(560, 24, 7.00, '', 1, 1, '2010-01-21', 'Anima e Cozze', '2010-01-21', '2010-01-21', '2010-03-26 10:57:36', '0000-00-00 00:00:00'),
(561, 24, 7.00, '', 1, 1, '2010-01-22', 'Anima e Cozze', '2010-01-22', '2010-01-22', '2010-03-26 10:58:08', '0000-00-00 00:00:00'),
(562, 24, 7.00, '', 1, 1, '2010-01-25', 'Anima e Cozze', '2010-01-25', '2010-01-25', '2010-03-26 10:58:24', '0000-00-00 00:00:00'),
(563, 24, 7.00, '', 1, 1, '2010-01-26', 'Anima e Cozze', '2010-01-26', '2010-01-26', '2010-03-26 10:58:39', '0000-00-00 00:00:00'),
(564, 24, 7.00, '', 1, 1, '2010-02-05', 'Anima e Cozze', '2010-02-05', '2010-02-05', '2010-03-26 10:59:36', '0000-00-00 00:00:00'),
(565, 24, 7.00, '', 1, 1, '2010-02-10', 'Anima e Cozze', '2010-02-10', '2010-02-10', '2010-03-26 11:00:12', '0000-00-00 00:00:00'),
(566, 24, 7.50, '', 1, 1, '2010-02-18', 'Anima e Cozze', '2010-02-18', '2010-02-18', '2010-03-26 11:00:33', '0000-00-00 00:00:00'),
(567, 24, 7.50, '', 1, 1, '2010-02-19', 'Anima e Cozze', '2010-02-19', '2010-02-19', '2010-03-26 11:00:46', '0000-00-00 00:00:00'),
(568, 24, 7.00, '', 1, 1, '2010-03-01', 'Anima e Cozze', '2010-03-01', '2010-03-01', '2010-03-26 11:01:37', '0000-00-00 00:00:00'),
(569, 24, 7.50, '', 1, 1, '2010-03-02', 'Anima e Cozze', '2010-03-02', '2010-03-02', '2010-03-26 11:01:53', '0000-00-00 00:00:00'),
(570, 24, 7.50, '', 1, 1, '2010-03-03', 'Anima e Cozze', '2010-03-03', '2010-03-03', '2010-03-26 11:02:02', '0000-00-00 00:00:00'),
(571, 24, 7.00, '', 1, 1, '2010-03-04', 'Anima e Cozze', '2010-03-04', '2010-03-04', '2010-03-26 11:02:19', '0000-00-00 00:00:00'),
(572, 24, 9.50, '', 1, 1, '2010-03-05', 'Fratelli La Bufala', '2010-03-05', '2010-03-05', '2010-03-26 11:02:43', '0000-00-00 00:00:00'),
(573, 24, 7.50, '', 1, 1, '2010-03-08', 'Anima e Cozze', '2010-03-08', '2010-03-08', '2010-03-26 11:05:19', '0000-00-00 00:00:00'),
(574, 24, 7.00, '', 1, 1, '2010-03-16', 'Anima e Cozze', '2010-03-16', '2010-03-16', '2010-03-26 11:20:07', '0000-00-00 00:00:00'),
(575, 24, 7.50, '', 1, 1, '2010-03-17', 'Anima e Cozze', '2010-03-17', '2010-03-17', '2010-03-26 11:20:29', '0000-00-00 00:00:00'),
(576, 24, 7.50, '', 1, 1, '2010-03-18', 'Anima e Cozze', '2010-03-18', '2010-03-18', '2010-03-26 11:21:12', '0000-00-00 00:00:00'),
(577, 24, 11.00, '', 1, 1, '2010-03-19', 'Fratelli La Bufala', '2010-03-19', '2010-03-19', '2010-03-26 11:21:48', '0000-00-00 00:00:00'),
(578, 24, 7.50, '', 1, 1, '2010-03-22', 'Anima e Cozze', '2010-03-22', '2010-03-22', '2010-03-26 11:22:52', '0000-00-00 00:00:00'),
(579, 24, 7.50, '', 1, 1, '2010-03-23', 'Anima e Cozze', '2010-03-23', '2010-03-23', '2010-03-26 11:23:05', '0000-00-00 00:00:00'),
(580, 24, 7.00, '', 1, 1, '2010-03-24', 'Anima e Cozze', '2010-03-24', '2010-03-24', '2010-03-26 11:23:39', '0000-00-00 00:00:00'),
(581, 24, 7.50, '', 1, 1, '2010-03-25', 'Anima e Cozze', '2010-03-25', '2010-03-25', '2010-03-26 11:24:12', '0000-00-00 00:00:00'),
(582, 24, 7.00, '', 1, 1, '2010-03-26', 'Anima e Cozze', '2010-03-26', '2010-03-26', '2010-03-26 11:24:27', '0000-00-00 00:00:00'),
(583, 6, 40.00, '', 3, 1, '2010-03-13', '', '2010-03-13', '2010-03-13', '2010-03-26 11:25:40', '0000-00-00 00:00:00'),
(584, 19, 20.00, '', 1, 1, '2010-03-24', 'Esso Viale Cassala', '2010-03-24', '2010-03-24', '2010-03-26 11:30:23', '0000-00-00 00:00:00'),
(585, 19, 10.00, '', 1, 1, '2010-03-02', '', '2010-03-02', '2010-03-02', '2010-03-26 11:31:33', '0000-00-00 00:00:00'),
(586, 17, 16.00, 'Bauman Circus', 3, 1, '2010-03-27', 'Teatro Spazio Mil', '2010-03-27', '2010-03-27', '2010-03-29 04:27:29', '0000-00-00 00:00:00'),
(587, 27, 22.00, '', 3, 1, '2010-03-27', 'Maruzzella', '2010-03-27', '2010-03-27', '2010-03-29 04:29:09', '0000-00-00 00:00:00'),
(588, 4, 66.00, 'Mobili box', 3, 1, '2010-03-28', 'Ikea', '2010-03-28', '2010-03-28', '2010-03-29 05:34:22', '0000-00-00 00:00:00'),
(589, 10, 21.00, '', 3, 2, '2010-03-28', 'Ikea', '2010-03-28', '2010-03-28', '2010-03-29 05:37:56', '0000-00-00 00:00:00'),
(590, 11, 5.00, 'sapone e tovaglioli', 3, 1, '2010-03-28', 'Ikea', '2010-03-28', '2010-03-28', '2010-03-29 05:38:43', '0000-00-00 00:00:00'),
(591, 2, 11.00, '', 3, 1, '2010-03-28', 'Castorama', '2010-03-28', '2010-03-28', '2010-03-29 05:40:41', '0000-00-00 00:00:00'),
(592, 6, 60.00, '', 3, 1, '2010-03-27', '', '2010-03-27', '2010-03-27', '2010-03-29 05:41:24', '0000-00-00 00:00:00'),
(593, 17, 5.00, 'Gelato', 3, 1, '2010-03-26', 'Grom', '2010-03-26', '2010-03-26', '2010-03-29 06:29:54', '0000-00-00 00:00:00'),
(594, 10, 13.50, 'Palettina dolci', 3, 2, '2010-03-29', 'Rinascente', '2010-03-29', '2010-03-29', '2010-03-29 12:17:37', '0000-00-00 00:00:00'),
(595, 10, 48.00, 'Tovaglia da tavola', 3, 2, '2010-03-29', 'Rinascente', '2010-03-29', '2010-03-29', '2010-03-29 12:19:48', '0000-00-00 00:00:00'),
(596, 24, 7.50, '', 1, 1, '2010-03-29', 'Anema e cozze', '2010-03-29', '2010-03-29', '2010-03-30 03:59:03', '0000-00-00 00:00:00'),
(597, 24, 7.50, '', 1, 1, '2010-03-30', 'Anema e cozze', '2010-03-30', '2010-03-30', '2010-03-30 05:59:58', '0000-00-00 00:00:00'),
(598, 8, 15.00, 'Marca da bollo', 1, 1, '2010-03-30', '', '2010-03-30', '2010-03-30', '2010-03-30 06:00:22', '0000-00-00 00:00:00'),
(599, 3, 29.00, 'Cena Peppe e Roberta', 3, 2, '2010-03-30', 'Esselunga', '2010-03-30', '2010-03-30', '2010-03-31 02:02:15', '0000-00-00 00:00:00'),
(600, 12, 2.40, 'Deodorane Marcello', 1, 2, '2010-03-30', 'Esselunga', '2010-03-30', '2010-03-30', '2010-03-31 02:03:36', '0000-00-00 00:00:00'),
(601, 35, 5.00, 'Ricarica', 1, 1, '2010-03-31', 'Tre', '2010-03-31', '2010-03-31', '2010-03-31 02:58:21', '0000-00-00 00:00:00'),
(602, 24, 7.50, '', 1, 1, '2010-03-31', 'Anema e cozze', '2010-03-31', '2010-03-31', '2010-03-31 08:25:48', '0000-00-00 00:00:00'),
(603, 24, 7.50, '', 1, 1, '2010-04-01', 'Anema e cozze', '2010-04-01', '2010-04-01', '2010-04-01 09:11:53', '0000-00-00 00:00:00'),
(604, 3, 54.00, 'Spesa Pasqua', 3, 2, '2010-04-01', 'Esselunga', '2010-04-01', '2010-04-01', '2010-04-02 23:37:21', '0000-00-00 00:00:00'),
(605, 4, 180.00, '', 2, 1, '2010-04-02', 'Corniciaio', '2010-04-02', '2010-04-02', '2010-04-02 23:38:35', '0000-00-00 00:00:00'),
(606, 10, 11.35, 'Lampada box', 3, 1, '2010-04-02', 'Negozio elettricità', '2010-04-02', '2010-04-02', '2010-04-02 23:40:49', '0000-00-00 00:00:00'),
(607, 3, 4.34, 'Speck', 3, 2, '2010-04-02', 'Esselunga', '2010-04-02', '2010-04-02', '2010-04-02 23:41:41', '0000-00-00 00:00:00'),
(608, 3, 3.00, 'Teglie e lasagne', 3, 2, '2010-04-01', 'Simply', '2010-04-01', '2010-04-01', '2010-04-02 23:42:34', '0000-00-00 00:00:00'),
(610, 27, 55.00, 'Pizza con Brambilla', 3, 1, '2010-04-02', 'Mamma oliva', '2010-04-02', '2010-04-02', '2010-04-02 23:43:50', '0000-00-00 00:00:00'),
(611, 25, 60.00, 'Pulizie Marzo', 3, 1, '2010-04-02', 'Gennarino', '2010-04-02', '2010-04-02', '2010-04-03 00:10:33', '0000-00-00 00:00:00'),
(612, 25, 50.00, 'Pulizie Marzo', 3, 1, '2010-03-26', 'Gennarino', '2010-03-26', '2010-03-26', '2010-04-03 00:13:16', '0000-00-00 00:00:00'),
(613, 27, 24.30, 'Pita con Paola e Lucrezia', 3, 1, '2010-04-06', '', '2010-04-06', '2010-04-06', '2010-04-07 04:59:48', '0000-00-00 00:00:00'),
(614, 1, 40.00, 'Scarpette marroni', 2, 2, '2010-04-06', 'Lucan''s', '2010-04-06', '2010-04-06', '2010-04-07 05:00:23', '0000-00-00 00:00:00'),
(615, 13, 26.00, 'Mostra Lichtenstein (con Paola e Lucrezia)', 3, 1, '2010-04-04', 'Triennale', '2010-04-04', '2010-04-04', '2010-04-07 05:01:33', '0000-00-00 00:00:00'),
(616, 3, 37.00, 'Spesa pasqua', 3, 1, '2010-04-03', 'Ipercoop', '2010-04-03', '2010-04-03', '2010-04-07 05:03:27', '0000-00-00 00:00:00'),
(617, 11, 13.00, 'Shampoo, balsamo, carbonella, adattatore', 3, 1, '2010-04-03', 'Ipercoop', '2010-04-03', '2010-04-03', '2010-04-07 05:04:58', '0000-00-00 00:00:00'),
(618, 27, 50.00, 'Cena con la signora Brambilla', 3, 1, '2010-04-07', 'Ciriboga', '2010-04-07', '2010-04-07', '2010-04-07 14:47:35', '0000-00-00 00:00:00'),
(619, 17, 6.60, 'Gelato', 3, 1, '2010-04-02', 'Al massimo', '2010-04-02', '2010-04-02', '2010-04-07 14:48:44', '0000-00-00 00:00:00'),
(620, 43, 0.00, '', 2, 2, '2010-04-07', '', '2010-04-07', '2010-04-07', '2010-04-08 15:03:16', '0000-00-00 00:00:00'),
(621, 24, 7.50, '', 1, 1, '2010-04-08', 'Anema e cozze', '2010-04-08', '2010-04-08', '2010-04-08 15:08:34', '0000-00-00 00:00:00'),
(622, 19, 20.00, '', 1, 1, '2010-04-08', '', '2010-04-08', '2010-04-08', '2010-04-08 15:08:39', '0000-00-00 00:00:00'),
(623, 41, 158.00, 'Milano - Casablanca', 3, 1, '2010-04-08', 'Lufthansa', '2010-04-08', '2010-04-08', '2010-04-09 15:54:38', '0000-00-00 00:00:00'),
(624, 22, 9.20, 'Carnet 10 biglietti', 2, 2, '2010-04-09', 'Atm', '2010-04-09', '2010-04-09', '2010-04-09 15:55:18', '0000-00-00 00:00:00'),
(625, 41, 13.20, 'Milano - Abbiategrasso', 3, 1, '0000-00-00', 'Trenitalia', '0000-00-00', '0000-00-00', '2010-04-11 02:30:22', '0000-00-00 00:00:00'),
(626, 41, 9.60, 'Abbiategrasso - Morimondo', 3, 1, '2010-04-10', 'Autobus', '2010-04-10', '2010-04-10', '2010-04-11 02:33:46', '0000-00-00 00:00:00'),
(628, 40, 13.50, 'Panini e strudel', 3, 1, '2010-04-10', 'Baracchino', '2010-04-10', '2010-04-10', '2010-04-11 02:34:49', '0000-00-00 00:00:00'),
(629, 40, 4.10, 'Caffè e gelato', 3, 1, '2010-04-10', 'Bar Morimondo', '2010-04-10', '2010-04-10', '2010-04-11 02:36:03', '0000-00-00 00:00:00'),
(630, 27, 19.50, '', 3, 1, '2010-04-10', 'Mysushi', '2010-04-10', '2010-04-10', '2010-04-11 02:36:52', '0000-00-00 00:00:00'),
(631, 17, 14.00, 'Le lumache', 3, 1, '2010-04-11', 'Cabaret', '2010-04-11', '2010-04-11', '2010-04-11 18:42:27', '0000-00-00 00:00:00'),
(632, 10, 9.00, 'Portavasetto', 3, 2, '2010-04-11', 'Native', '2010-04-11', '2010-04-11', '2010-04-11 18:43:38', '0000-00-00 00:00:00'),
(633, 43, 0.00, '', 2, 2, '2010-04-12', '', '2010-04-12', '2010-04-12', '2010-04-12 15:45:39', '0000-00-00 00:00:00'),
(634, 3, 24.52, 'Spesa', 3, 2, '2010-04-13', 'Esselunga', '2010-04-13', '2010-04-13', '2010-04-14 08:23:17', '0000-00-00 00:00:00'),
(635, 11, 5.00, 'pronto legno, sale lavastoviglie, alluminio', 3, 2, '2010-04-13', 'Esselunga', '2010-04-13', '2010-04-13', '2010-04-14 08:24:52', '0000-00-00 00:00:00'),
(636, 3, 20.50, 'Spesa', 3, 2, '2010-04-13', 'Esselunga', '2010-04-13', '2010-04-13', '2010-04-14 08:28:23', '0000-00-00 00:00:00'),
(637, 11, 4.36, 'dentifricio, carta igienica, detergente intimo', 3, 2, '2010-04-14', 'Esselunga', '2010-04-14', '2010-04-14', '2010-04-14 08:29:21', '0000-00-00 00:00:00'),
(638, 13, 153.00, 'Un sacco di libri', 3, 1, '2010-04-15', 'Saldi privati', '2010-04-15', '2010-04-15', '2010-04-16 03:27:08', '0000-00-00 00:00:00'),
(639, 24, 10.00, '', 1, 1, '2010-04-16', 'Fratelli La Bufala', '2010-04-16', '2010-04-16', '2010-04-16 07:43:17', '0000-00-00 00:00:00'),
(640, 24, 7.50, '', 1, 1, '2010-04-15', 'Anema e cozze', '2010-04-15', '2010-04-15', '2010-04-16 07:43:34', '0000-00-00 00:00:00'),
(641, 24, 7.50, '', 1, 1, '2010-04-14', 'Anema e cozze', '2010-04-14', '2010-04-14', '2010-04-16 07:43:50', '0000-00-00 00:00:00'),
(642, 27, 27.50, '', 3, 1, '2010-04-18', 'Maruzzella', '2010-04-18', '2010-04-18', '2010-04-18 16:47:33', '0000-00-00 00:00:00'),
(643, 22, 9.20, 'Carnet 10 biglietti', 2, 2, '2010-04-18', 'Atm', '2010-04-18', '2010-04-18', '2010-04-18 16:48:11', '0000-00-00 00:00:00'),
(644, 3, 3.30, 'Parmigiano e succo', 3, 2, '2010-04-19', 'SMA', '2010-04-19', '2010-04-19', '2010-04-20 10:47:55', '0000-00-00 00:00:00'),
(645, 3, 10.00, 'Spesa', 3, 2, '2010-04-20', 'Esselunga', '2010-04-20', '2010-04-20', '2010-04-20 13:43:14', '0000-00-00 00:00:00'),
(646, 1, 10.00, 'Calzini', 2, 2, '2010-04-21', 'Calzedonia', '2010-04-21', '2010-04-21', '2010-04-21 08:01:27', '0000-00-00 00:00:00'),
(647, 24, 7.80, '', 2, 2, '2010-04-21', 'Mysushi', '2010-04-21', '2010-04-21', '2010-04-21 08:01:57', '0000-00-00 00:00:00'),
(648, 17, 49.00, 'Paolo Rossi', 3, 1, '2010-04-21', 'Teatro Piccolo', '2010-04-21', '2010-04-21', '2010-04-22 02:19:13', '0000-00-00 00:00:00'),
(649, 12, 40.00, 'Somatoline', 2, 2, '2010-04-23', 'Farmacia', '2010-04-23', '2010-04-23', '2010-04-23 12:08:05', '0000-00-00 00:00:00'),
(650, 27, 16.70, 'Pagnottelle', 3, 1, '2010-04-24', 'Pizzeria a domicilio', '2010-04-24', '2010-04-24', '2010-04-24 14:44:35', '0000-00-00 00:00:00'),
(651, 27, 15.00, 'Piadine e succhi', 3, 1, '2010-04-25', 'Bar Lodi', '2010-04-25', '2010-04-25', '2010-04-25 16:04:25', '0000-00-00 00:00:00'),
(652, 17, 4.00, 'Gelato', 3, 1, '2010-04-25', 'Crema', '2010-04-25', '2010-04-25', '2010-04-25 16:05:24', '0000-00-00 00:00:00'),
(653, 3, 20.55, 'Spesa', 3, 2, '2010-04-26', 'Esselunga', '2010-04-26', '2010-04-26', '2010-04-26 10:32:14', '0000-00-00 00:00:00'),
(654, 27, 14.00, 'Jack Morace', 3, 2, '2010-04-25', 'Citydeal', '2010-04-25', '2010-04-25', '2010-04-26 10:39:02', '0000-00-00 00:00:00'),
(655, 13, 8.00, 'Il giornale dell''arte', 2, 2, '2010-04-27', 'Edicola', '2010-04-27', '2010-04-27', '2010-04-27 07:13:22', '0000-00-00 00:00:00'),
(656, 22, 9.20, 'Carnet 10 biglietti', 2, 2, '2010-04-27', 'Atm', '2010-04-27', '2010-04-27', '2010-04-27 14:35:58', '0000-00-00 00:00:00'),
(657, 3, 60.00, 'Spesa', 3, 2, '2010-04-30', 'Esselunga', '2010-05-01', '2010-05-01', '2010-05-01 02:10:06', '0000-00-00 00:00:00'),
(658, 25, 150.00, 'Aprile', 3, 1, '2010-04-30', 'Gennarino', '2010-04-30', '2010-04-30', '2010-05-01 02:11:33', '0000-00-00 00:00:00'),
(659, 17, 5.50, 'Gelato', 3, 1, '2010-04-30', 'Choco club', '2010-04-30', '2010-04-30', '2010-05-01 02:12:28', '0000-00-00 00:00:00'),
(660, 17, 5.50, 'Gelato', 3, 1, '2010-04-30', 'Choco club', '2010-04-30', '2010-04-30', '2010-05-01 02:12:28', '0000-00-00 00:00:00'),
(661, 3, 9.80, 'Spesa ', 3, 2, '2010-05-03', 'Esselunga', '2010-05-03', '2010-05-03', '2010-05-03 09:22:16', '0000-00-00 00:00:00'),
(662, 3, 37.55, 'Spesa ', 3, 1, '2010-05-05', 'Esselunga', '2010-05-05', '2010-05-05', '2010-05-05 11:28:07', '0000-00-00 00:00:00'),
(663, 24, 6.60, 'Aeroporto', 2, 2, '2010-05-07', 'Autogrill', '2010-05-07', '2010-05-07', '2010-05-07 13:10:29', '0000-00-00 00:00:00'),
(664, 12, 10.40, 'Correttore, lucido', 2, 2, '2010-05-07', 'Kiko', '2010-05-07', '2010-05-07', '2010-05-07 13:11:35', '0000-00-00 00:00:00'),
(665, 17, 9.60, 'Gelato', 3, 1, '2010-05-05', 'Al massimo', '2010-05-05', '2010-05-05', '2010-05-07 13:13:36', '0000-00-00 00:00:00'),
(666, 17, 9.60, 'Gelato', 3, 1, '2010-05-05', 'Al massimo', '2010-05-05', '2010-05-05', '2010-05-07 13:13:37', '0000-00-00 00:00:00'),
(667, 17, 92.00, 'Spettacolo Fiorello', 3, 1, '2010-05-06', 'Berni', '2010-05-06', '2010-05-06', '2010-05-09 03:29:18', '0000-00-00 00:00:00'),
(668, 3, 16.40, 'Spesa ', 3, 2, '2010-05-10', 'Esselunga', '2010-05-10', '2010-05-10', '2010-05-11 02:00:10', '0000-00-00 00:00:00'),
(669, 3, 18.35, 'Spesa', 3, 2, '2010-05-13', 'Esselunga', '2010-05-13', '2010-05-13', '2010-05-13 06:56:40', '0000-00-00 00:00:00'),
(670, 27, 15.00, '', 3, 1, '2010-05-15', 'Burger king', '2010-05-15', '2010-05-15', '2010-05-17 02:01:38', '0000-00-00 00:00:00'),
(671, 8, 280.00, 'Passaggio di proprietà', 1, 1, '2010-05-17', 'ACI', '2010-05-17', '2010-05-17', '2010-05-17 09:40:24', '0000-00-00 00:00:00'),
(672, 8, 71.08, 'Revoca', 1, 1, '2010-05-17', 'ACI', '2010-05-17', '2010-05-17', '2010-05-17 09:41:23', '0000-00-00 00:00:00'),
(673, 3, 10.55, 'Spesa', 3, 2, '2010-05-17', 'Esselunga', '2010-05-17', '2010-05-17', '2010-05-17 09:42:00', '0000-00-00 00:00:00'),
(674, 24, 5.50, 'Pranzo a scuola', 2, 2, '2010-05-17', '', '2010-05-17', '2010-05-17', '2010-05-17 14:19:25', '0000-00-00 00:00:00'),
(675, 26, 16.00, '', 3, 1, '2010-05-18', 'Compleanno Elisa Suardi', '2010-05-18', '2010-05-18', '2010-05-19 10:51:40', '0000-00-00 00:00:00'),
(676, 17, 16.00, 'Aperitivo compleanno Elisa', 3, 1, '2010-05-18', 'Executive lounge', '2010-05-18', '2010-05-18', '2010-05-19 10:53:57', '0000-00-00 00:00:00'),
(677, 41, 105.00, 'Milano - Palermo', 2, 2, '2010-05-20', 'Easyjet', '2010-05-20', '2010-05-20', '2010-05-21 06:50:36', '0000-00-00 00:00:00'),
(678, 42, 70.00, 'Riparazione porta box', 3, 1, '2010-05-20', 'Fabbro Giorgio', '2010-05-20', '2010-05-20', '2010-05-21 06:52:26', '0000-00-00 00:00:00'),
(679, 3, 29.00, 'Spesa ', 3, 2, '2010-05-21', 'Esselunga', '2010-05-21', '2010-05-21', '2010-05-21 15:00:46', '0000-00-00 00:00:00'),
(680, 3, 3.60, '', 3, 2, '2010-05-21', 'Ipercoop', '2010-05-21', '2010-05-21', '2010-05-21 15:02:25', '0000-00-00 00:00:00'),
(681, 41, 67.00, 'Palermo -Milano', 2, 2, '2010-05-23', 'Airone', '2010-05-23', '2010-05-23', '2010-05-23 16:31:23', '0000-00-00 00:00:00'),
(682, 26, 17.00, 'Spumante', 1, 1, '2010-05-22', 'Compleanno papà Marù', '2010-05-22', '2010-05-22', '2010-05-23 16:32:10', '0000-00-00 00:00:00'),
(683, 11, 18.00, 'Sacchetti aspirapolvere', 3, 2, '2010-05-22', 'Imetec', '2010-05-22', '2010-05-22', '2010-05-24 11:06:13', '0000-00-00 00:00:00'),
(684, 1, 58.00, 'Pantaloni', 2, 2, '2010-05-26', 'Mango', '2010-05-26', '2010-05-26', '2010-05-27 05:37:05', '0000-00-00 00:00:00'),
(685, 12, 5.92, 'Shampoo, balsamo', 2, 2, '2010-05-27', 'Ipercoop', '2010-05-27', '2010-05-27', '2010-05-28 03:04:43', '0000-00-00 00:00:00'),
(686, 11, 7.00, 'Smacchiatore, cd, buste gommate', 3, 2, '2010-05-27', 'Ipercoop', '2010-05-27', '2010-05-27', '2010-05-28 03:06:22', '0000-00-00 00:00:00'),
(687, 3, 59.00, 'Spesa ', 3, 2, '2010-05-27', 'Ipercoop', '2010-05-27', '2010-05-27', '2010-05-28 03:07:21', '0000-00-00 00:00:00'),
(688, 17, 9.00, 'Gelato', 3, 1, '2010-05-28', 'Al Massimo', '2010-05-28', '2010-05-28', '2010-05-28 03:13:58', '0000-00-00 00:00:00'),
(689, 35, 5.00, 'Ricarica', 2, 2, '2010-05-28', 'Tre', '2010-05-28', '2010-05-28', '2010-05-28 03:14:41', '0000-00-00 00:00:00'),
(690, 25, 110.00, 'Maggio', 3, 1, '2010-05-28', 'Gennarino', '2010-05-28', '2010-05-28', '2010-05-28 03:15:22', '0000-00-00 00:00:00'),
(691, 10, 30.00, 'Scatole guardaroba', 3, 2, '2010-05-29', 'Ikea', '2010-05-29', '2010-05-29', '2010-05-31 03:59:07', '0000-00-00 00:00:00'),
(692, 26, 24.50, 'Regalino Federica', 3, 1, '2010-05-29', 'Chicco', '2010-05-29', '2010-05-29', '2010-05-31 04:01:51', '0000-00-00 00:00:00'),
(693, 24, 10.40, '', 3, 1, '2010-05-29', 'Spizzico', '2010-05-29', '2010-05-29', '2010-05-31 04:05:56', '0000-00-00 00:00:00'),
(694, 12, 11.50, 'Piega', 2, 2, '2010-06-01', 'Parrucchiere', '2010-06-01', '2010-06-01', '2010-06-01 06:18:47', '0000-00-00 00:00:00'),
(695, 17, 5.50, 'Merenda', 3, 1, '2010-06-02', 'Baita lago di Como', '2010-06-02', '2010-06-02', '2010-06-03 07:46:47', '0000-00-00 00:00:00'),
(696, 11, 55.00, 'Piante, vasi e concime', 3, 2, '2010-06-03', 'Vivaio', '2010-06-03', '2010-06-03', '2010-06-03 07:50:02', '0000-00-00 00:00:00'),
(697, 6, 32.00, '', 3, 1, '2010-05-29', 'Benzinaio auchan', '2010-05-29', '2010-05-29', '2010-06-03 07:50:54', '0000-00-00 00:00:00'),
(698, 3, 12.55, 'Spesa', 3, 2, '2010-06-03', 'Esselunga', '2010-06-03', '2010-06-03', '2010-06-03 13:28:35', '0000-00-00 00:00:00'),
(699, 6, 50.00, '', 3, 1, '2010-05-29', 'Benzinaio', '2010-05-29', '2010-05-29', '2010-06-03 13:30:14', '0000-00-00 00:00:00'),
(700, 12, 16.00, 'Ceretta', 2, 2, '2010-06-04', 'Estetista ', '2010-06-04', '2010-06-04', '2010-06-04 11:20:58', '0000-00-00 00:00:00'),
(701, 10, 30.00, 'Vasetti cucina', 3, 2, '2010-06-04', 'Fioraio', '2010-06-04', '2010-06-04', '2010-06-04 11:21:49', '0000-00-00 00:00:00'),
(702, 22, 9.20, 'Carnet 10 viaggi', 2, 2, '2010-05-27', 'Atm', '2010-05-27', '2010-05-27', '2010-06-04 11:25:03', '0000-00-00 00:00:00'),
(703, 11, 12.65, 'Fungicida', 3, 2, '2010-06-05', 'Vivaio', '2010-06-05', '2010-06-05', '2010-06-06 12:55:56', '0000-00-00 00:00:00'),
(704, 27, 21.00, '', 3, 1, '2010-06-06', 'Mysushi', '2010-06-06', '2010-06-06', '2010-06-06 12:57:12', '0000-00-00 00:00:00'),
(705, 26, 30.00, 'Pigiamino Marù', 1, 1, '2010-06-06', 'Intimissimi', '2010-06-06', '2010-06-06', '2010-06-06 12:57:59', '0000-00-00 00:00:00'),
(706, 1, 20.00, 'Sciarpa', 1, 1, '2010-06-06', 'Zara', '2010-06-06', '2010-06-06', '2010-06-06 12:58:24', '0000-00-00 00:00:00'),
(707, 39, 33.12, 'Guide Marocco, Francia e Provenza', 3, 1, '2010-06-06', 'Feltrinelli', '2010-06-06', '2010-06-06', '2010-06-06 14:25:01', '0000-00-00 00:00:00'),
(708, 27, 16.80, 'Carnaccia', 3, 1, '2010-06-07', 'Jack Morace', '2010-06-07', '2010-06-07', '2010-06-08 01:29:03', '0000-00-00 00:00:00'),
(709, 12, 6.00, 'Piega', 2, 2, '2010-06-07', 'Parrucchiere cinese ', '2010-06-07', '2010-06-07', '2010-06-08 01:30:07', '0000-00-00 00:00:00'),
(710, 17, 3.00, 'Gelato', 3, 1, '2010-06-07', 'Naranita', '2010-06-07', '2010-06-07', '2010-06-08 01:31:04', '0000-00-00 00:00:00'),
(711, 3, 2.00, 'Tè e succo', 3, 2, '2010-06-07', 'Sma', '2010-06-07', '2010-06-07', '2010-06-08 01:31:57', '0000-00-00 00:00:00'),
(712, 3, 7.50, 'Spesa ', 3, 2, '2010-06-08', 'Esselunga', '2010-06-08', '2010-06-08', '2010-06-09 02:17:52', '0000-00-00 00:00:00'),
(713, 3, 28.00, 'Spesa', 3, 2, '2010-06-09', 'Iper', '2010-06-09', '2010-06-09', '2010-06-09 08:26:21', '0000-00-00 00:00:00'),
(714, 24, 22.50, 'Pranzo tesorini', 3, 1, '2010-06-09', 'Taverna della trisa', '2010-06-09', '2010-06-09', '2010-06-10 04:50:42', '0000-00-00 00:00:00'),
(715, 1, 37.00, 'Vestito', 2, 2, '2010-06-12', 'Natura', '2010-06-12', '2010-06-12', '2010-06-14 01:47:56', '0000-00-00 00:00:00'),
(716, 1, 15.00, 'Camicia', 2, 2, '2010-06-12', 'H&M', '2010-06-12', '2010-06-12', '2010-06-14 01:48:39', '0000-00-00 00:00:00'),
(717, 17, 20.00, 'Concerto + birra', 2, 2, '2010-06-12', 'Bier Garten', '2010-06-12', '2010-06-12', '2010-06-14 01:49:20', '0000-00-00 00:00:00'),
(718, 43, 0.00, '', 2, 2, '2010-06-14', '', '2010-06-14', '2010-06-14', '2010-06-14 15:37:47', '0000-00-00 00:00:00'),
(719, 1, 55.00, 'Pantaloni', 2, 2, '2010-06-17', 'Negozio Palermo', '2010-06-17', '2010-06-17', '2010-06-17 09:39:10', '0000-00-00 00:00:00'),
(720, 1, 148.00, 'Completo matrimonio', 2, 2, '2010-06-17', 'Max&Co', '2010-06-17', '2010-06-17', '2010-06-17 09:39:41', '0000-00-00 00:00:00'),
(721, 27, 17.00, 'Pizza con Chiara, Sabrina e Paola', 2, 2, '2010-06-16', 'Pizzeria Totò', '2010-06-16', '2010-06-16', '2010-06-17 09:40:22', '0000-00-00 00:00:00'),
(722, 19, 5.00, 'Benzina Vespa', 2, 2, '2010-06-17', '', '2010-06-17', '2010-06-17', '2010-06-17 09:40:50', '0000-00-00 00:00:00'),
(723, 26, 4.00, 'Calzini pupine', 2, 2, '2010-06-16', 'Zara', '2010-06-16', '2010-06-16', '2010-06-17 09:41:24', '0000-00-00 00:00:00'),
(724, 27, 25.00, 'Buono Acquasala', 3, 1, '2010-06-17', 'Citydeal', '2010-06-17', '2010-06-17', '2010-06-17 09:41:57', '0000-00-00 00:00:00'),
(725, 30, 7.40, 'Spray nasale', 2, 2, '2010-06-20', 'Farmacia', '2010-06-20', '2010-06-20', '2010-06-21 02:40:24', '0000-00-00 00:00:00'),
(726, 27, 63.00, 'Cena con Ettore, Monica e Alice', 3, 1, '2010-06-19', 'Ristorante caffè nazionale', '2010-06-19', '2010-06-19', '2010-06-21 02:42:38', '0000-00-00 00:00:00'),
(727, 27, 7.50, 'Kebab', 3, 1, '2010-06-18', '', '2010-06-18', '2010-06-18', '2010-06-21 02:43:28', '0000-00-00 00:00:00'),
(728, 3, 23.60, 'Spesa ', 3, 2, '2010-06-21', 'Esselunga', '2010-06-21', '2010-06-21', '2010-06-21 06:51:53', '0000-00-00 00:00:00'),
(729, 3, 41.82, 'Spesa ', 3, 2, '2010-06-23', 'Ipercoop', '2010-06-23', '2010-06-23', '2010-06-24 03:12:10', '0000-00-00 00:00:00'),
(730, 12, 14.00, 'Scaldacera', 2, 2, '2010-06-23', 'Profumeria', '2010-06-23', '2010-06-23', '2010-06-24 03:12:49', '0000-00-00 00:00:00'),
(731, 41, 75.87, 'Milano - Bari', 2, 2, '2010-06-24', 'Ryanair', '2010-06-24', '2010-06-24', '2010-06-24 03:16:05', '0000-00-00 00:00:00'),
(732, 41, 83.00, 'Milano - Palermo', 2, 2, '2010-06-24', 'Meridiana', '2010-06-24', '2010-06-24', '2010-06-24 04:01:34', '0000-00-00 00:00:00'),
(733, 41, 21.00, 'Palermo - Milano', 2, 2, '2010-06-24', 'Ryanair', '2010-06-24', '2010-06-24', '2010-06-24 04:02:43', '0000-00-00 00:00:00'),
(734, 41, 86.87, 'Milano - Bari', 1, 2, '2010-06-24', 'Ryanair', '2010-06-24', '2010-06-24', '2010-06-25 02:13:59', '0000-00-00 00:00:00'),
(735, 41, 113.24, 'Milano - Palermo', 1, 1, '2010-06-04', 'Alitalia', '2010-06-04', '2010-06-04', '2010-06-25 02:25:23', '0000-00-00 00:00:00'),
(736, 26, 20.00, 'Regalo Cristina', 3, 3, '2010-06-24', 'Negozietto', '2010-06-24', '2010-06-24', '2010-06-25 02:39:32', '0000-00-00 00:00:00'),
(737, 12, 11.50, 'Piega', 2, 2, '2010-06-24', 'Parrucchiere', '2010-06-24', '2010-06-24', '2010-06-25 02:40:21', '0000-00-00 00:00:00'),
(738, 25, 110.00, 'Giugno', 3, 1, '2010-06-25', 'Gennarino', '2010-06-25', '2010-06-25', '2010-06-27 04:22:43', '0000-00-00 00:00:00'),
(739, 43, 0.00, '', 2, 2, '2010-06-25', '', '2010-06-25', '2010-06-25', '2010-06-28 03:08:59', '0000-00-00 00:00:00'),
(740, 1, 71.90, 'Scarpe', 2, 2, '2010-06-28', 'Via uno', '2010-06-28', '2010-06-28', '2010-06-29 09:02:01', '0000-00-00 00:00:00'),
(741, 3, 22.30, 'Spesa', 3, 2, '2010-06-28', 'Sma', '2010-06-28', '2010-06-28', '2010-06-29 09:02:29', '0000-00-00 00:00:00'),
(742, 19, 10.00, '', 1, 1, '2010-06-27', '', '2010-06-27', '2010-06-27', '2010-06-29 09:22:36', '0000-00-00 00:00:00'),
(743, 12, 25.00, 'piega e colore', 2, 2, '2010-06-30', 'Parrucchiere ', '2010-06-30', '2010-06-30', '2010-07-05 16:21:58', '0000-00-00 00:00:00'),
(744, 6, 20.00, 'Benzina Panda', 3, 2, '2010-07-01', '', '2010-07-01', '2010-07-01', '2010-07-05 16:22:37', '0000-00-00 00:00:00'),
(745, 43, 0.00, '', 2, 2, '2010-06-30', '', '2010-06-30', '2010-06-30', '2010-07-05 16:22:59', '0000-00-00 00:00:00'),
(746, 27, 40.00, 'Cena Sferracavallo', 3, 1, '2010-07-02', 'Andrea e Marianna', '2010-07-02', '2010-07-02', '2010-07-05 16:23:37', '0000-00-00 00:00:00'),
(747, 17, 13.50, 'Bibite per tutti', 3, 1, '2010-07-04', 'Agricantus', '2010-07-04', '2010-07-04', '2010-07-05 16:24:45', '0000-00-00 00:00:00'),
(748, 17, 8.00, 'Spettacolo', 3, 1, '2010-07-04', 'Agricantus', '2010-07-04', '2010-07-04', '2010-07-05 16:25:42', '0000-00-00 00:00:00'),
(749, 26, 27.30, 'Camicia Marcello', 2, 2, '2010-07-05', 'Rinascente', '2010-07-05', '2010-07-05', '2010-07-05 16:26:35', '0000-00-00 00:00:00'),
(750, 17, 10.00, 'Gelato', 3, 1, '2010-07-04', 'La delizia', '2010-07-04', '2010-07-04', '2010-07-05 16:27:14', '0000-00-00 00:00:00'),
(751, 43, 0.00, '', 2, 2, '2010-07-06', '', '2010-07-06', '2010-07-06', '2010-07-07 02:45:49', '0000-00-00 00:00:00'),
(752, 41, 17.80, '3 x 2', 2, 2, '2010-07-06', 'Autostradale', '2010-07-06', '2010-07-06', '2010-07-07 02:47:41', '0000-00-00 00:00:00'),
(753, 3, 12.00, 'Spesa', 3, 2, '2010-07-07', 'Esselunga', '2010-07-07', '2010-07-07', '2010-07-08 02:48:36', '0000-00-00 00:00:00'),
(754, 1, 90.00, 'Maglioni', 1, 1, '2010-07-07', 'Massimo Dutti', '2010-07-07', '2010-07-07', '2010-07-08 02:49:17', '0000-00-00 00:00:00'),
(755, 1, 46.40, 'Polo', 1, 1, '2010-07-07', 'Rinascente', '2010-07-07', '2010-07-07', '2010-07-08 02:50:03', '0000-00-00 00:00:00'),
(756, 12, 10.50, 'Piega', 2, 2, '2010-07-08', 'Parrucchiere', '2010-07-08', '2010-07-08', '2010-07-08 15:34:52', '0000-00-00 00:00:00'),
(757, 10, 4.50, 'Tubetti creme', 3, 2, '2010-07-08', 'Muji', '2010-07-08', '2010-07-08', '2010-07-08 15:36:09', '0000-00-00 00:00:00');
INSERT INTO `transactions` (`id`, `account_id`, `amount`, `description`, `recipient_subject_id`, `payer_subject_id`, `date`, `counterparty`, `ref_period_begin_date`, `ref_period_end_date`, `created_at`, `updated_at`) VALUES
(758, 12, 3.00, 'Cremine e detergente', 2, 2, '2010-07-08', 'Limoni', '2010-07-08', '2010-07-08', '2010-07-08 15:36:50', '0000-00-00 00:00:00'),
(759, 3, 37.00, 'Spesa', 3, 2, '2010-07-12', 'Esselunga', '2010-07-12', '2010-07-12', '2010-07-15 11:10:31', '0000-00-00 00:00:00'),
(760, 26, 31.20, 'Camicia papà', 2, 2, '2010-07-12', 'Boggi', '2010-07-12', '2010-07-12', '2010-07-15 11:11:06', '0000-00-00 00:00:00'),
(761, 41, 22.00, 'Parcheggio Bergamo', 3, 1, '2010-07-09', 'Park&Fly', '2010-07-09', '2010-07-09', '2010-07-15 11:11:45', '0000-00-00 00:00:00'),
(762, 37, 120.00, 'Trani', 3, 1, '2010-07-11', 'B&b La maison', '2010-07-11', '2010-07-11', '2010-07-15 11:12:20', '0000-00-00 00:00:00'),
(763, 27, 42.00, '', 3, 1, '2010-07-10', 'Pizzeria Trani', '2010-07-10', '2010-07-10', '2010-07-15 11:13:37', '0000-00-00 00:00:00'),
(764, 38, 16.00, 'Biglietti per tutti e parcheggio', 3, 1, '2010-07-11', 'Castel del Monte', '2010-07-11', '2010-07-11', '2010-07-15 11:14:36', '0000-00-00 00:00:00'),
(765, 27, 5.00, 'Pizza a taglio', 3, 1, '2010-07-11', 'Bar aeroporto', '2010-07-11', '2010-07-11', '2010-07-15 11:15:18', '0000-00-00 00:00:00'),
(766, 27, 6.00, 'Pizza a taglio', 1, 2, '2010-07-11', 'Bar aeroporto', '2010-07-11', '2010-07-11', '2010-07-15 11:15:53', '0000-00-00 00:00:00'),
(767, 3, 18.00, 'Spesa', 3, 2, '2010-07-19', 'Esselunga', '2010-07-19', '2010-07-19', '2010-07-22 01:58:46', '0000-00-00 00:00:00'),
(768, 3, 14.00, 'Spesa', 3, 2, '2010-07-21', 'Ipercoop', '2010-07-21', '2010-07-21', '2010-07-22 01:59:31', '0000-00-00 00:00:00'),
(769, 1, 34.50, 'Camicia lino', 1, 1, '2010-07-21', 'Rinascente', '2010-07-21', '2010-07-21', '2010-07-22 02:00:09', '0000-00-00 00:00:00'),
(770, 1, 52.00, 'Pantaloni e gilet', 1, 1, '2010-07-21', 'Benetton', '2010-07-21', '2010-07-21', '2010-07-22 02:01:28', '0000-00-00 00:00:00'),
(771, 1, 34.50, 'Polo', 1, 1, '2010-07-22', 'Boggi', '2010-07-22', '2010-07-22', '2010-07-23 02:16:04', '0000-00-00 00:00:00'),
(772, 6, 50.00, 'Benzina', 3, 1, '2010-07-17', '', '2010-07-17', '2010-07-17', '2010-07-23 03:32:09', '0000-00-00 00:00:00'),
(773, 27, 15.00, '', 3, 1, '2010-07-17', 'Mac Donald''s', '2010-07-17', '2010-07-17', '2010-07-23 03:33:52', '0000-00-00 00:00:00'),
(774, 24, 17.00, '', 3, 1, '2010-07-23', 'Taverna della trisa', '2010-07-23', '2010-07-23', '2010-07-23 10:32:05', '0000-00-00 00:00:00'),
(775, 3, 9.00, '', 3, 2, '2010-07-23', 'Iper', '2010-07-23', '2010-07-23', '2010-07-23 10:32:41', '0000-00-00 00:00:00'),
(776, 1, 17.00, '', 2, 2, '2010-07-23', 'H&M', '2010-07-23', '2010-07-23', '2010-07-23 10:33:20', '0000-00-00 00:00:00'),
(777, 26, 17.00, 'Orchidea per Serena', 3, 2, '2010-07-23', 'Botanic', '2010-07-23', '2010-07-23', '2010-07-23 10:34:09', '0000-00-00 00:00:00'),
(778, 3, 30.00, 'Spesa ', 3, 2, '2010-08-02', 'Esselunga', '2010-08-02', '2010-08-02', '2010-08-02 15:51:56', '0000-00-00 00:00:00'),
(779, 1, 40.00, 'Sandali neri', 2, 2, '2010-07-24', 'Extreme', '2010-07-24', '2010-07-24', '2010-08-02 15:53:02', '0000-00-00 00:00:00'),
(780, 30, 13.30, 'Medicine viaggio', 3, 2, '2010-07-24', 'Farmacia', '2010-07-24', '2010-07-24', '2010-08-02 15:54:12', '0000-00-00 00:00:00'),
(781, 1, 31.20, 'Camicia', 1, 1, '2010-07-24', 'Boggi', '2010-07-24', '2010-07-24', '2010-08-02 15:55:16', '0000-00-00 00:00:00'),
(782, 1, 30.00, 'Camicine', 2, 2, '2010-07-20', 'H&M', '2010-07-20', '2010-07-20', '2010-08-02 15:56:21', '0000-00-00 00:00:00'),
(783, 37, 391.93, 'Marocco', 3, 3, '2010-07-25', 'Ibis e riad', '2010-07-25', '2010-07-25', '2010-08-02 16:34:06', '0000-00-00 00:00:00'),
(784, 40, 151.47, 'Marocco', 3, 3, '2010-07-25', '', '2010-07-24', '2010-07-24', '2010-08-02 16:35:28', '0000-00-00 00:00:00'),
(785, 38, 51.38, 'Marocco', 3, 3, '2010-07-25', '', '2010-07-24', '2010-07-24', '2010-08-02 16:36:01', '0000-00-00 00:00:00'),
(786, 26, 96.79, 'Souvenir Marocco', 3, 3, '2010-07-25', '', '2010-07-31', '2010-07-31', '2010-08-02 16:37:35', '0000-00-00 00:00:00'),
(787, 42, 17.43, 'Mance Marocco', 3, 3, '2010-07-25', '', '2010-07-24', '2010-07-24', '2010-08-02 16:38:28', '0000-00-00 00:00:00'),
(788, 41, 736.58, 'Marocco', 3, 3, '2010-07-25', 'Volo + Macchina', '2010-07-24', '2010-07-24', '2010-08-02 16:39:31', '0000-00-00 00:00:00'),
(789, 25, 110.00, 'Luglio', 3, 1, '2010-07-23', 'Gennarino', '2010-07-23', '2010-07-23', '2010-08-04 09:20:02', '0000-00-00 00:00:00'),
(790, 2, 205.00, 'Casco', 2, 2, '2010-08-04', 'G3 moto', '2010-08-04', '2010-08-04', '2010-08-04 09:21:36', '0000-00-00 00:00:00'),
(791, 3, 9.00, 'Spesa', 3, 2, '2010-08-04', 'Esselunga', '2010-08-04', '2010-08-04', '2010-08-04 09:22:17', '0000-00-00 00:00:00'),
(792, 43, 0.00, '', 2, 2, '2010-08-04', '', '2010-08-04', '2010-08-04', '2010-08-05 04:58:29', '0000-00-00 00:00:00'),
(793, 42, 14.00, 'Pacchetto regali', 2, 2, '2010-08-05', 'Poste', '2010-08-05', '2010-08-05', '2010-08-05 04:59:18', '0000-00-00 00:00:00'),
(794, 42, 10.00, 'Raccomandate anief', 2, 2, '2010-08-06', 'Poste', '2010-08-06', '2010-08-06', '2010-08-06 05:47:24', '0000-00-00 00:00:00'),
(795, 12, 21.00, 'Ceretta', 2, 2, '2010-08-06', 'Estetista ', '2010-08-06', '2010-08-06', '2010-08-06 05:47:57', '0000-00-00 00:00:00'),
(796, 3, 22.20, 'Spesa ', 3, 2, '2010-08-06', 'Esselunga', '2010-08-06', '2010-08-06', '2010-08-06 05:48:25', '0000-00-00 00:00:00'),
(797, 3, 17.20, 'Spesa', 3, 2, '2010-08-23', 'Esselunga', '2010-08-23', '2010-08-23', '2010-08-26 08:37:48', '0000-00-00 00:00:00'),
(798, 3, 6.75, 'Spesa', 3, 2, '2010-08-25', 'Esselunga', '2010-08-25', '2010-08-25', '2010-08-26 08:38:22', '0000-00-00 00:00:00'),
(799, 3, 35.45, 'Spesa ', 3, 2, '2010-08-26', 'Esselunga', '2010-08-26', '2010-08-26', '2010-08-27 04:23:37', '0000-00-00 00:00:00'),
(800, 11, 19.00, 'Insetticida e ferro', 3, 2, '2010-08-26', 'Vivaio', '2010-08-26', '2010-08-26', '2010-08-27 04:24:30', '0000-00-00 00:00:00'),
(801, 3, 7.30, 'Spesa', 3, 2, '2010-08-30', 'Esselunga', '2010-08-30', '2010-08-30', '2010-08-30 10:12:31', '0000-00-00 00:00:00'),
(802, 43, 0.00, '', 2, 2, '2010-08-27', '', '2010-08-27', '2010-08-27', '2010-08-31 03:23:01', '0000-00-00 00:00:00'),
(803, 12, 9.00, 'Shampoo, balsamo', 2, 2, '2010-09-02', 'Ipercoop', '2010-09-02', '2010-09-02', '2010-09-02 08:34:50', '0000-00-00 00:00:00'),
(804, 12, 15.00, 'Piega', 2, 2, '2010-08-31', 'Parrucchiere', '2010-08-31', '2010-08-31', '2010-09-02 08:36:47', '0000-00-00 00:00:00'),
(805, 26, 12.00, 'Spesa festa Claudio', 3, 2, '2010-08-31', 'Esselunga', '2010-08-31', '2010-08-31', '2010-09-02 08:39:32', '0000-00-00 00:00:00'),
(806, 11, 13.00, 'Scopa, detersivi', 3, 2, '2010-09-02', 'Ipercoop', '2010-09-02', '2010-09-02', '2010-09-02 08:40:45', '0000-00-00 00:00:00'),
(807, 3, 61.42, 'Spesa ', 3, 2, '2010-09-02', 'Ipercoop', '2010-09-02', '2010-09-02', '2010-09-02 08:41:41', '0000-00-00 00:00:00'),
(808, 6, 10.00, '', 3, 2, '2010-09-02', 'Benzinaio ', '2010-09-02', '2010-09-02', '2010-09-02 08:46:37', '0000-00-00 00:00:00'),
(809, 27, 18.00, 'Aperitivo sushi', 3, 1, '2010-09-02', 'Wasabi ', '2010-09-02', '2010-09-02', '2010-09-03 04:09:35', '0000-00-00 00:00:00'),
(810, 27, 80.00, 'Cena con Ettore & Co', 3, 1, '2010-09-04', 'O'' Riccione', '2010-09-04', '2010-09-04', '2010-09-06 04:28:08', '0000-00-00 00:00:00'),
(811, 27, 24.00, 'Pizza', 3, 1, '2010-09-05', 'Maruzzella', '2010-09-05', '2010-09-05', '2010-09-06 04:28:39', '0000-00-00 00:00:00'),
(812, 11, 11.50, 'Detersivi ', 3, 2, '2010-09-08', 'Esselunga', '2010-09-08', '2010-09-08', '2010-09-08 06:56:53', '0000-00-00 00:00:00'),
(813, 26, 40.00, 'Cena compleanno Marù', 2, 2, '2010-09-08', 'Esselunga', '2010-09-08', '2010-09-08', '2010-09-08 06:57:55', '0000-00-00 00:00:00'),
(814, 3, 5.00, 'Spesa', 3, 2, '2010-09-16', 'Esselunga', '2010-09-16', '2010-09-16', '2010-09-17 04:13:33', '0000-00-00 00:00:00'),
(815, 11, 12.00, 'Detersivi ', 3, 2, '2010-09-17', 'Ipercoop', '2010-09-17', '2010-09-17', '2010-09-17 08:45:44', '0000-00-00 00:00:00'),
(816, 12, 5.00, 'crema corpo, assorbenti, bagnoschiuma', 2, 2, '2010-09-17', 'Ipercoop', '2010-09-17', '2010-09-17', '2010-09-17 08:47:00', '0000-00-00 00:00:00'),
(817, 3, 62.00, 'Spesa ', 3, 2, '2010-09-17', 'Ipercoop', '2010-09-17', '2010-09-17', '2010-09-17 08:48:14', '0000-00-00 00:00:00'),
(818, 6, 10.00, '', 3, 2, '2010-09-17', '', '2010-09-17', '2010-09-17', '2010-09-17 10:44:59', '0000-00-00 00:00:00'),
(819, 26, 87.00, 'Regalo Ida', 3, 1, '2010-09-19', 'Rinascente', '2010-09-19', '2010-09-19', '2010-09-20 02:19:58', '0000-00-00 00:00:00'),
(820, 10, 8.50, 'Cestino pane', 3, 2, '2010-09-19', 'Rinascente', '2010-09-19', '2010-09-19', '2010-09-20 02:20:38', '0000-00-00 00:00:00'),
(821, 1, 15.00, 'Maglietta', 2, 2, '2010-09-21', 'Upim', '2010-09-21', '2010-09-21', '2010-09-23 10:07:53', '0000-00-00 00:00:00'),
(822, 22, 9.20, 'Carnet 10 biglietti', 2, 2, '2010-09-23', 'Atm', '2010-09-23', '2010-09-23', '2010-09-23 10:08:46', '0000-00-00 00:00:00'),
(823, 22, 7.00, 'Treno S.Giuliano', 2, 2, '2010-09-23', 'Atm Lenord', '2010-09-23', '2010-09-23', '2010-09-23 10:09:50', '0000-00-00 00:00:00'),
(824, 24, 5.00, 'Pranzo Scuola', 2, 2, '2010-09-22', 'Bar', '2010-09-22', '2010-09-22', '2010-09-23 10:10:28', '0000-00-00 00:00:00'),
(825, 27, 17.00, 'Pagnottelle', 3, 1, '2010-09-25', 'Pizza & Food', '2010-09-25', '2010-09-25', '2010-09-27 14:08:12', '0000-00-00 00:00:00'),
(826, 6, 50.00, '', 3, 1, '2010-09-26', 'Benzinaio ', '2010-09-26', '2010-09-26', '2010-09-27 14:08:48', '0000-00-00 00:00:00'),
(827, 22, 3.80, 'Treno S.Giuliano', 2, 2, '2010-09-27', 'Trenitalia', '2010-09-27', '2010-09-27', '2010-09-27 14:10:18', '0000-00-00 00:00:00'),
(828, 3, 5.00, 'Polpette', 3, 2, '2010-09-26', 'Ikea food', '2010-09-26', '2010-09-26', '2010-09-27 14:11:09', '0000-00-00 00:00:00'),
(829, 17, 5.00, 'Merenda', 3, 2, '2010-09-26', 'Ikea ', '2010-09-26', '2010-09-26', '2010-09-27 14:11:46', '0000-00-00 00:00:00'),
(830, 17, 10.00, 'Aperitivo', 2, 2, '2010-09-28', 'Bobino', '2010-09-28', '2010-09-28', '2010-09-29 16:18:16', '0000-00-00 00:00:00'),
(831, 3, 10.00, 'Spesa', 3, 2, '2010-09-29', 'Esselunga', '2010-09-29', '2010-09-29', '2010-09-29 16:19:08', '0000-00-00 00:00:00'),
(832, 12, 14.50, 'Piega', 2, 2, '2010-09-28', 'Parrucchiere', '2010-09-28', '2010-09-28', '2010-09-29 16:20:27', '0000-00-00 00:00:00'),
(833, 17, 6.00, '', 3, 2, '2010-09-28', 'Creperia', '2010-09-28', '2010-09-28', '2010-09-29 16:22:16', '0000-00-00 00:00:00'),
(834, 24, 4.00, 'Panino', 2, 2, '2010-09-29', 'Bar S. Giuliano', '2010-09-29', '2010-09-29', '2010-09-29 16:23:51', '0000-00-00 00:00:00'),
(835, 32, 5.00, 'Calcetto', 1, 2, '2010-09-28', '', '2010-09-28', '2010-09-28', '2010-09-29 16:24:53', '0000-00-00 00:00:00'),
(836, 12, 21.00, 'Ceretta', 2, 2, '2010-10-01', 'Estetista ', '2010-10-01', '2010-10-01', '2010-10-03 16:45:40', '0000-00-00 00:00:00'),
(837, 3, 71.50, 'Spesa', 3, 2, '2010-10-01', 'Ipercoop', '2010-10-01', '2010-10-01', '2010-10-03 16:46:18', '0000-00-00 00:00:00'),
(838, 24, 9.00, 'Pranzo', 2, 2, '2010-10-01', 'Il Lupo', '2010-10-01', '2010-10-01', '2010-10-03 16:46:52', '0000-00-00 00:00:00'),
(839, 25, 83.00, 'Settembre', 3, 1, '2010-10-01', 'Gennarino', '2010-10-01', '2010-10-01', '2010-10-03 16:47:24', '0000-00-00 00:00:00'),
(840, 17, 7.00, 'Cocktail', 3, 1, '2010-10-02', 'Living', '2010-10-02', '2010-10-02', '2010-10-03 16:48:32', '0000-00-00 00:00:00'),
(841, 12, 60.00, 'Contorno occi e correttore', 2, 2, '2010-10-04', 'Limoni', '2010-10-04', '2010-10-04', '2010-10-05 03:56:45', '0000-00-00 00:00:00'),
(842, 26, 17.00, 'Regalo Carlotta', 3, 2, '2010-10-04', 'Feltrinelli', '2010-10-04', '2010-10-04', '2010-10-05 03:57:22', '0000-00-00 00:00:00'),
(843, 27, 18.00, 'Sushi sbutrio', 3, 1, '2010-10-01', 'Citydeal', '2010-10-01', '2010-10-01', '2010-10-05 16:48:56', '0000-00-00 00:00:00'),
(844, 1, 125.00, 'Giubbotto', 2, 2, '2010-10-05', 'Diffusione tessile', '2010-10-05', '2010-10-05', '2010-10-05 16:50:11', '0000-00-00 00:00:00'),
(845, 1, 70.00, 'Trench', 2, 2, '2010-10-05', 'Zara', '2010-10-05', '2010-10-05', '2010-10-05 16:50:47', '0000-00-00 00:00:00'),
(846, 1, 25.00, 'Pantaloni', 2, 2, '2010-10-05', 'Mango', '2010-10-05', '2010-10-05', '2010-10-05 16:51:22', '0000-00-00 00:00:00'),
(847, 1, 27.00, 'Camicia', 2, 2, '2010-10-05', 'Benetton', '2010-10-05', '2010-10-05', '2010-10-05 16:51:48', '0000-00-00 00:00:00'),
(848, 13, 13.60, 'Isabelle Allende', 2, 2, '2010-10-05', 'Mondolibri', '2010-10-05', '2010-10-05', '2010-10-05 16:52:30', '0000-00-00 00:00:00'),
(849, 12, 17.00, 'Piega', 2, 2, '2010-10-05', 'Parrucchiere', '2010-10-05', '2010-10-05', '2010-10-05 16:53:11', '0000-00-00 00:00:00'),
(850, 42, 16.00, 'Libro Paola', 2, 2, '2010-10-05', 'Lybra', '2010-10-05', '2010-10-05', '2010-10-05 16:54:13', '0000-00-00 00:00:00'),
(851, 3, 18.60, 'Spesa', 3, 2, '2010-10-07', 'Esselunga', '2010-10-07', '2010-10-07', '2010-10-07 16:34:26', '0000-00-00 00:00:00'),
(852, 24, 5.70, 'Pizza', 2, 2, '2010-10-04', 'Spizzico', '2010-10-04', '2010-10-04', '2010-10-08 08:53:31', '0000-00-00 00:00:00'),
(853, 1, 50.00, 'Caedigan e sciarpa', 2, 2, '2010-10-09', 'Zara', '2010-10-09', '2010-10-09', '2010-10-09 10:50:42', '0000-00-00 00:00:00'),
(854, 27, 74.00, 'Con Claudio e Cristina', 3, 1, '2010-10-10', 'Cascina Guardia', '2010-10-10', '2010-10-10', '2010-10-11 16:50:43', '0000-00-00 00:00:00'),
(855, 27, 6.00, '', 3, 2, '2010-10-10', 'Pizza', '2010-10-10', '2010-10-10', '2010-10-11 16:52:25', '0000-00-00 00:00:00'),
(856, 43, 0.00, '', 2, 2, '2010-10-11', '', '2010-10-11', '2010-10-11', '2010-10-11 16:52:56', '0000-00-00 00:00:00'),
(857, 32, 100.00, 'I rata', 2, 2, '2010-10-11', 'Palestra', '2010-10-11', '2010-10-11', '2010-10-11 16:53:38', '0000-00-00 00:00:00'),
(858, 27, 37.50, 'Cena con Berni&Co', 3, 1, '2010-10-11', 'Sushi', '2010-10-11', '2010-10-11', '2010-10-12 15:53:00', '0000-00-00 00:00:00'),
(859, 6, 20.00, '', 3, 2, '2010-10-11', '', '2010-10-11', '2010-10-11', '2010-10-12 15:53:30', '0000-00-00 00:00:00'),
(860, 41, 103.00, 'Milano - Palermo', 1, 2, '2010-10-13', 'Alitalia', '2010-10-13', '2010-10-13', '2010-10-12 16:12:42', '0000-00-00 00:00:00'),
(861, 41, 103.00, 'Milano - Palermo A/R', 2, 2, '2010-10-13', 'Alitalia', '2010-10-13', '2010-10-13', '2010-10-12 16:13:31', '0000-00-00 00:00:00'),
(862, 3, 5.00, 'Spesa', 3, 2, '2010-10-14', 'Simply', '2010-10-14', '2010-10-14', '2010-10-14 15:31:14', '0000-00-00 00:00:00'),
(863, 12, 14.50, 'Piega', 2, 2, '2010-10-15', 'Parrucchiere', '2010-10-15', '2010-10-15', '2010-10-15 12:48:11', '0000-00-00 00:00:00'),
(864, 1, 19.80, 'Magliette pigiama', 2, 2, '2010-10-15', 'Tezenis', '2010-10-15', '2010-10-15', '2010-10-15 12:49:13', '0000-00-00 00:00:00'),
(865, 6, 31.00, '', 3, 2, '2010-10-18', '', '2010-10-18', '2010-10-18', '2010-10-18 13:45:58', '0000-00-00 00:00:00'),
(866, 27, 60.00, '', 3, 2, '2010-10-16', 'Ristorante Barolo', '2010-10-16', '2010-10-16', '2010-10-18 13:48:39', '0000-00-00 00:00:00'),
(867, 27, 54.00, '', 3, 2, '2010-10-16', 'Ristorante Alba', '2010-10-16', '2010-10-16', '2010-10-18 13:51:01', '0000-00-00 00:00:00'),
(868, 37, 100.00, '', 3, 1, '2010-10-17', 'Hotel Alba', '2010-10-17', '2010-10-17', '2010-10-18 13:54:13', '0000-00-00 00:00:00'),
(869, 3, 10.00, 'Formaggio e salame', 3, 1, '2010-10-17', 'Bancarella ', '2010-10-17', '2010-10-17', '2010-10-18 13:55:07', '0000-00-00 00:00:00'),
(870, 27, 10.00, '', 3, 1, '2010-10-17', 'Bancarelle Alba', '2010-10-17', '2010-10-17', '2010-10-18 13:56:18', '0000-00-00 00:00:00'),
(871, 3, 5.00, 'Acqua etc', 3, 2, '2010-10-18', 'Esselunga', '2010-10-18', '2010-10-18', '2010-10-18 13:58:28', '0000-00-00 00:00:00'),
(872, 3, 17.20, 'Spesa', 3, 2, '2010-10-20', 'Esselunga', '2010-10-20', '2010-10-20', '2010-10-19 16:03:14', '0000-00-00 00:00:00'),
(873, 25, 50.00, 'Ottobre', 3, 1, '2010-10-19', 'Gennarino', '2010-10-19', '2010-10-19', '2010-10-19 16:04:26', '0000-00-00 00:00:00'),
(874, 3, 80.00, 'Spesa ', 3, 2, '2010-10-21', 'Ipercoop', '2010-10-21', '2010-10-21', '2010-10-21 08:07:20', '0000-00-00 00:00:00'),
(875, 11, 10.00, 'secchio mocio, swiffer', 3, 2, '2010-10-21', 'Ipercoop', '2010-10-21', '2010-10-21', '2010-10-21 08:07:59', '0000-00-00 00:00:00'),
(876, 1, 32.00, 'Pigiama', 2, 2, '2010-10-23', 'Oysho', '2010-10-23', '2010-10-23', '2010-10-25 10:31:47', '0000-00-00 00:00:00'),
(877, 13, 8.50, 'Libro mitologia', 2, 2, '2010-10-24', 'Feltrinelli', '2010-10-24', '2010-10-24', '2010-10-25 10:32:39', '0000-00-00 00:00:00'),
(878, 22, 3.80, 'Treno S.Giuliano', 2, 2, '2010-10-25', 'Trenitalia', '2010-10-25', '2010-10-25', '2010-10-25 10:33:29', '0000-00-00 00:00:00'),
(879, 6, 20.00, '', 3, 2, '2010-10-28', 'Benzinaio ', '2010-10-28', '2010-10-28', '2010-10-28 16:40:47', '0000-00-00 00:00:00'),
(880, 27, 46.00, 'Cena con Ida&Co', 3, 1, '2010-10-28', 'Mandarin', '2010-10-28', '2010-10-28', '2010-10-28 16:41:30', '0000-00-00 00:00:00'),
(881, 1, 28.00, 'Camicia', 2, 2, '2010-10-28', 'Sisley', '2010-10-28', '2010-10-28', '2010-10-28 16:42:06', '0000-00-00 00:00:00'),
(882, 1, 52.00, 'Camicia e dolcevita', 2, 2, '2010-10-28', 'Zara', '2010-10-28', '2010-10-28', '2010-10-28 16:42:39', '0000-00-00 00:00:00'),
(883, 3, 18.00, 'Spesa', 3, 2, '2010-10-29', 'Esselunga', '2010-10-29', '2010-10-29', '2010-10-29 18:02:26', '0000-00-00 00:00:00'),
(884, 11, 6.00, 'Roselline', 3, 2, '2010-10-29', 'Esselunga', '2010-10-29', '2010-10-29', '2010-10-29 18:03:19', '0000-00-00 00:00:00'),
(885, 1, 198.00, 'Magli', 2, 2, '2010-11-02', 'Stefanel', '2010-11-02', '2010-11-02', '2010-11-02 11:02:20', '0000-00-00 00:00:00'),
(886, 37, 72.00, 'A Torino con i Fumagalli', 3, 3, '2010-11-01', 'Hotel Torino', '2010-11-01', '2010-11-01', '2010-11-02 11:03:20', '0000-00-00 00:00:00'),
(887, 12, 13.50, 'Piega', 2, 2, '2010-11-02', 'Parrucchiere', '2010-11-02', '2010-11-02', '2010-11-02 11:03:57', '0000-00-00 00:00:00'),
(888, 27, 100.00, '', 3, 3, '2010-10-31', 'Ristorante Torino', '2010-10-31', '2010-10-31', '2010-11-02 11:05:07', '0000-00-00 00:00:00'),
(889, 38, 26.00, '', 3, 3, '2010-11-01', 'Museo egizio Torino', '2010-11-01', '2010-11-01', '2010-11-02 11:06:25', '0000-00-00 00:00:00'),
(890, 6, 60.00, '', 3, 1, '2010-10-31', 'Benzinaio ', '2010-10-31', '2010-10-31', '2010-11-02 11:07:12', '0000-00-00 00:00:00'),
(891, 38, 72.00, 'Camera Fumagalli', 2, 2, '2010-11-01', 'Hotel Torino', '2010-11-01', '2010-11-01', '2010-11-02 11:08:38', '0000-00-00 00:00:00'),
(892, 1, 30.00, 'Diffusione tessile', 2, 2, '2010-10-30', 'Cappelli', '2010-10-30', '2010-10-30', '2010-11-02 11:09:43', '0000-00-00 00:00:00'),
(893, 43, 0.00, '', 2, 2, '2010-11-04', '', '2010-11-04', '2010-11-04', '2010-11-05 15:49:09', '0000-00-00 00:00:00'),
(894, 3, 7.75, 'Spesa ', 3, 2, '2010-11-04', 'Esselunga', '2010-11-04', '2010-11-04', '2010-11-05 15:49:52', '0000-00-00 00:00:00'),
(895, 22, 7.60, 'Treno S.Giuliano', 2, 2, '2010-11-05', 'Trenitalia', '2010-11-05', '2010-11-05', '2010-11-05 15:52:08', '0000-00-00 00:00:00'),
(896, 3, 15.25, 'Spesa', 3, 3, '2010-11-08', 'Supermercato', '2010-11-08', '2010-11-08', '2010-11-09 08:01:17', '0000-00-00 00:00:00'),
(897, 42, 14.00, 'Raccoglitori scuola', 2, 2, '2010-11-09', 'Buffetti', '2010-11-09', '2010-11-09', '2010-11-09 08:01:53', '0000-00-00 00:00:00'),
(898, 11, 4.00, 'Pianta cucina', 3, 2, '2010-11-09', 'Vivaio', '2010-11-09', '2010-11-09', '2010-11-09 08:02:25', '0000-00-00 00:00:00'),
(899, 43, 0.00, '', 2, 2, '2010-11-08', '', '2010-11-08', '2010-11-08', '2010-11-09 08:03:04', '0000-00-00 00:00:00'),
(900, 41, 217.00, 'Milano - Palermo A/R', 1, 1, '2010-11-07', 'Alitalia', '2010-11-07', '2010-11-07', '2010-11-09 08:03:59', '0000-00-00 00:00:00'),
(901, 41, 217.00, 'Milano - Palermo A/R', 2, 1, '2010-11-07', 'Alitalia', '2010-11-07', '2010-11-07', '2010-11-09 08:04:27', '0000-00-00 00:00:00'),
(902, 3, 21.50, 'Spesa ', 3, 2, '2010-11-10', 'Esselunga', '2010-11-10', '2010-11-10', '2010-11-11 11:39:00', '0000-00-00 00:00:00'),
(903, 3, 50.00, 'Spesa', 3, 2, '2010-11-11', 'Ipercoop', '2010-11-11', '2010-11-11', '2010-11-11 11:40:12', '0000-00-00 00:00:00'),
(904, 12, 13.50, 'Piega', 2, 2, '2010-11-09', 'Parrucchiere', '2010-11-09', '2010-11-09', '2010-11-11 11:43:08', '0000-00-00 00:00:00'),
(905, 6, 10.00, '', 3, 2, '2010-11-12', 'Benzinaio ', '2010-11-12', '2010-11-12', '2010-11-12 11:21:27', '0000-00-00 00:00:00'),
(906, 22, 6.00, 'Biglietti metro', 2, 2, '2010-11-15', 'Atm', '2010-11-15', '2010-11-15', '2010-11-16 04:13:22', '0000-00-00 00:00:00'),
(907, 22, 3.60, 'Treno S.Giuliano', 2, 2, '2010-11-15', 'Atm', '2010-11-15', '2010-11-15', '2010-11-16 04:14:20', '0000-00-00 00:00:00'),
(908, 24, 5.00, '', 2, 2, '2010-11-15', 'Bar S.Giuliano', '2010-11-15', '2010-11-15', '2010-11-16 04:14:56', '0000-00-00 00:00:00'),
(909, 3, 10.77, 'Spesa ', 3, 2, '2010-11-17', 'Esselunga', '2010-11-17', '2010-11-17', '2010-11-17 13:03:35', '0000-00-00 00:00:00'),
(910, 6, 10.00, '', 3, 2, '2010-11-17', 'Benzinaio ', '2010-11-17', '2010-11-17', '2010-11-17 13:04:29', '0000-00-00 00:00:00'),
(911, 3, 5.70, '', 3, 2, '2010-11-18', 'Esselunga', '2010-11-18', '2010-11-18', '2010-11-19 08:37:45', '0000-00-00 00:00:00'),
(912, 6, 20.00, '', 3, 2, '2010-11-19', 'Benzinaio ', '2010-11-19', '2010-11-19', '2010-11-19 08:38:26', '0000-00-00 00:00:00'),
(913, 26, 33.00, 'Regalo Inestulone', 2, 2, '2010-11-20', 'Chicco', '2010-11-20', '2010-11-20', '2010-11-23 08:14:15', '0000-00-00 00:00:00'),
(914, 1, 45.00, 'Borsetta', 2, 2, '2010-11-20', 'Sandra Russo', '2010-11-20', '2010-11-20', '2010-11-23 08:16:18', '0000-00-00 00:00:00'),
(915, 3, 5.00, 'Bibite', 3, 2, '2010-11-21', 'Bar aeroporto', '2010-11-21', '2010-11-21', '2010-11-23 08:17:34', '0000-00-00 00:00:00'),
(916, 27, 27.00, 'Cena Palermo', 3, 1, '2010-11-20', 'Ferro di cavallo', '2010-11-20', '2010-11-20', '2010-11-23 08:18:59', '0000-00-00 00:00:00'),
(917, 27, 5.40, 'Arancine', 3, 1, '2010-11-21', 'Bar aeroporto', '2010-11-21', '2010-11-21', '2010-11-23 08:19:46', '0000-00-00 00:00:00'),
(918, 22, 23.00, 'Linate-casa', 3, 1, '2010-11-21', 'Taxi', '2010-11-21', '2010-11-21', '2010-11-23 08:20:19', '0000-00-00 00:00:00'),
(919, 3, 18.60, 'Spesa', 3, 2, '2010-11-25', 'Esselunga', '2010-11-25', '2010-11-25', '2010-11-25 05:54:56', '0000-00-00 00:00:00'),
(920, 3, 9.25, 'Spesa ', 3, 2, '2010-11-23', 'Esselunga', '2010-11-23', '2010-11-23', '2010-11-25 05:55:55', '0000-00-00 00:00:00'),
(921, 3, 53.12, 'Spesa', 3, 2, '2010-11-29', 'Ipercoop', '2010-11-29', '2010-11-29', '2010-11-30 03:33:35', '0000-00-00 00:00:00'),
(922, 6, 10.00, '', 3, 2, '2010-11-29', 'Benzinaio ', '2010-11-29', '2010-11-29', '2010-11-30 03:34:20', '0000-00-00 00:00:00'),
(923, 27, 24.00, 'Aperisushi', 3, 1, '2010-11-27', '', '2010-11-27', '2010-11-27', '2010-11-30 03:35:02', '0000-00-00 00:00:00'),
(924, 43, 0.00, '', 2, 2, '2010-11-29', '', '2010-11-29', '2010-11-29', '2010-11-30 03:35:21', '0000-00-00 00:00:00'),
(925, 32, 90.00, 'II rata abbonamento', 2, 2, '2010-11-29', '20hours', '2010-11-29', '2010-11-29', '2010-11-30 03:36:03', '0000-00-00 00:00:00'),
(926, 37, 35.00, 'Hotel Siviglia', 3, 3, '2010-11-30', 'lastminute', '2010-11-30', '2010-11-30', '2010-12-13 10:18:02', '0000-00-00 00:00:00'),
(927, 38, 52.00, 'Visita Alhambra', 3, 3, '2010-12-03', 'Citytour Granada', '2010-12-03', '2010-12-03', '2010-12-13 10:19:10', '0000-00-00 00:00:00'),
(928, 35, 10.00, 'Ricarica', 2, 2, '2010-12-03', 'Tre', '2010-12-03', '2010-12-03', '2010-12-13 10:20:06', '0000-00-00 00:00:00'),
(929, 40, 22.00, 'Ristorante Siviglia', 3, 3, '2010-12-05', 'Dona Lina', '2010-12-05', '2010-12-05', '2010-12-13 10:20:57', '0000-00-00 00:00:00'),
(930, 37, 58.00, 'Cordoba', 3, 3, '2010-12-05', 'Hotel Boston ', '2010-12-05', '2010-12-05', '2010-12-13 10:21:44', '0000-00-00 00:00:00'),
(931, 40, 7.55, 'Cordoba', 3, 3, '2010-12-06', 'EXPANSION DE FRANQUICI', '2010-12-06', '2010-12-06', '2010-12-13 10:22:39', '0000-00-00 00:00:00'),
(932, 12, 3.75, 'Spazzolino', 2, 2, '2010-12-06', 'Farmacia Cordoba', '2010-12-06', '2010-12-06', '2010-12-13 10:23:33', '0000-00-00 00:00:00'),
(933, 37, 58.76, 'Granada', 3, 3, '2010-12-06', 'Hotel Camido de Granada', '2010-12-06', '2010-12-06', '2010-12-13 10:24:13', '0000-00-00 00:00:00'),
(934, 41, 2.65, 'Pedaggio Alicante', 3, 3, '2010-12-07', '', '2010-12-07', '2010-12-07', '2010-12-13 10:25:06', '0000-00-00 00:00:00'),
(935, 12, 29.00, 'Piega e ceretta viso', 2, 2, '2010-12-09', 'Parrucchiere', '2010-12-09', '2010-12-09', '2010-12-13 10:25:52', '0000-00-00 00:00:00'),
(936, 3, 9.75, 'Frutta', 3, 2, '2010-12-09', 'Esselunga', '2010-12-09', '2010-12-09', '2010-12-13 10:26:25', '0000-00-00 00:00:00'),
(937, 12, 37.10, 'Fondotinta Dior', 2, 2, '2010-12-11', 'Rinascente', '2010-12-11', '2010-12-11', '2010-12-13 10:27:03', '0000-00-00 00:00:00'),
(938, 12, 82.60, 'Prodotti Clinique', 2, 2, '2010-12-11', 'Rinascente', '2010-12-11', '2010-12-11', '2010-12-13 10:27:41', '0000-00-00 00:00:00'),
(939, 3, 12.40, 'Spesa', 3, 2, '2010-12-13', 'Esselunga', '2010-12-13', '2010-12-13', '2010-12-13 10:28:21', '0000-00-00 00:00:00'),
(940, 3, 7.50, '', 3, 2, '2010-12-01', 'Bontà Più', '2010-12-01', '2010-12-01', '2010-12-13 10:30:15', '0000-00-00 00:00:00'),
(941, 3, 15.15, 'Spesa', 3, 2, '2010-12-02', 'Esselunga', '2010-12-02', '2010-12-02', '2010-12-13 10:30:52', '0000-00-00 00:00:00'),
(942, 12, 15.00, 'Piega ', 2, 2, '2010-12-02', 'Parrucchiere S. Giuliano', '2010-12-02', '2010-12-02', '2010-12-13 10:32:07', '0000-00-00 00:00:00'),
(943, 41, 11.90, '', 3, 3, '2010-12-05', 'Parcheggio Orio', '2010-12-05', '2010-12-05', '2010-12-13 10:33:07', '0000-00-00 00:00:00'),
(944, 43, 0.00, '', 2, 2, '2010-12-02', '', '2010-12-02', '2010-12-02', '2010-12-13 10:34:19', '0000-00-00 00:00:00'),
(945, 3, 6.00, 'Arancine', 3, 2, '2010-12-13', 'Bar S. Giuliano', '2010-12-13', '2010-12-13', '2010-12-13 10:34:46', '0000-00-00 00:00:00'),
(946, 26, 23.00, 'Ciabattine', 1, 1, '2010-12-11', 'Zara home', '2010-12-11', '2010-12-11', '2010-12-14 07:59:48', '0000-00-00 00:00:00'),
(947, 1, 21.54, 'Spesa', 3, 1, '2010-12-11', 'Esselunga', '2010-12-11', '2010-12-11', '2010-12-14 08:08:16', '0000-00-00 00:00:00'),
(948, 3, 16.15, 'Spesa', 3, 2, '2010-12-16', 'Esselunga', '2010-12-16', '2010-12-16', '2010-12-17 10:15:26', '0000-00-00 00:00:00'),
(949, 3, 4.00, 'Spesa', 3, 2, '2010-12-17', 'Esselunga', '2010-12-17', '2010-12-17', '2010-12-17 10:16:07', '0000-00-00 00:00:00'),
(950, 11, 6.00, 'Stelle di Natale', 3, 2, '2010-12-17', 'Esselunga', '2010-12-17', '2010-12-17', '2010-12-17 10:16:47', '0000-00-00 00:00:00'),
(951, 12, 12.00, 'Piega ', 2, 2, '2010-12-15', 'Parrucchiere S. Giuliano', '2010-12-15', '2010-12-15', '2010-12-17 10:18:10', '0000-00-00 00:00:00'),
(952, 22, 9.20, 'Carnet 10 biglietto', 2, 2, '2010-12-23', 'Atm', '2010-12-23', '2010-12-23', '2010-12-17 10:20:43', '0000-00-00 00:00:00'),
(953, 22, 3.80, 'Treno S.Giuliano', 2, 2, '2010-12-17', 'Atm', '2010-12-17', '2010-12-17', '2010-12-17 10:21:23', '0000-00-00 00:00:00'),
(954, 18, 293.00, 'Assicurazione vespa', 2, 2, '2010-12-17', 'Genertel', '2010-12-17', '2010-12-17', '2010-12-17 11:42:54', '0000-00-00 00:00:00'),
(955, 1, 26.30, 'Pantacollant', 2, 2, '2010-12-21', 'Golden point', '2010-12-21', '2010-12-21', '2010-12-27 11:24:29', '0000-00-00 00:00:00'),
(956, 3, 19.30, 'Spesa', 3, 2, '2010-12-21', 'Esselunga', '2010-12-21', '2010-12-21', '2010-12-27 11:25:03', '0000-00-00 00:00:00'),
(957, 35, 5.00, 'Ricarica', 2, 2, '2010-12-23', 'Tre', '2010-12-23', '2010-12-23', '2010-12-27 11:25:41', '0000-00-00 00:00:00'),
(958, 26, 40.00, 'Regalo mamma tesorino', 3, 3, '2010-12-23', 'Zara home', '2010-12-23', '2010-12-23', '2010-12-27 11:26:31', '0000-00-00 00:00:00'),
(959, 26, 30.00, 'Regalo mamma ', 3, 3, '2010-12-23', 'Zara home', '2010-12-23', '2010-12-23', '2010-12-27 11:27:12', '0000-00-00 00:00:00'),
(960, 26, 6.00, 'Regalo zia Marta', 2, 2, '2010-12-23', 'Zara home', '2010-12-23', '2010-12-23', '2010-12-27 11:27:47', '0000-00-00 00:00:00'),
(961, 26, 70.00, 'Cravatta', 2, 2, '2010-12-23', 'Emporio Armani', '2010-12-23', '2010-12-23', '2010-12-27 11:28:17', '0000-00-00 00:00:00'),
(962, 26, 21.00, 'Cravatta Morice', 2, 2, '2010-12-23', 'Tie rack', '2010-12-23', '2010-12-23', '2010-12-27 11:28:53', '0000-00-00 00:00:00'),
(963, 43, 0.00, '', 2, 2, '2010-12-22', '', '2010-12-22', '2010-12-22', '2010-12-27 11:30:55', '0000-00-00 00:00:00'),
(964, 22, 9.20, 'Carnet 10 biglietti', 2, 2, '2010-12-16', 'ATM', '2010-12-16', '2010-12-16', '2010-12-27 11:31:56', '0000-00-00 00:00:00'),
(965, 26, 120.00, 'Regalo mamma ', 2, 2, '2010-12-23', 'Rinascente', '2010-12-23', '2010-12-23', '2010-12-27 11:32:30', '0000-00-00 00:00:00'),
(966, 26, 31.85, 'Regalo compleanno Paola', 2, 2, '2010-12-23', 'Oysho', '2010-12-23', '2010-12-23', '2010-12-27 11:33:12', '0000-00-00 00:00:00'),
(967, 26, 40.00, 'Regalo compleanno Paola', 1, 2, '2010-12-23', 'Oysho', '2010-12-23', '2010-12-23', '2010-12-27 11:33:35', '0000-00-00 00:00:00'),
(968, 26, 6.50, 'Regalo Paola', 1, 2, '2010-12-23', 'Altro mercato', '2010-12-23', '2010-12-23', '2010-12-27 11:34:16', '0000-00-00 00:00:00'),
(969, 26, 16.50, 'Regalo Paola + orecchini', 2, 2, '2010-12-23', 'Altro mercato', '2010-12-23', '2010-12-23', '2010-12-27 11:34:49', '0000-00-00 00:00:00'),
(970, 12, 42.60, 'Crema viso', 2, 2, '2010-12-24', 'Aeroporto', '2010-12-24', '2010-12-24', '2010-12-27 11:35:25', '0000-00-00 00:00:00'),
(971, 12, 24.00, 'Piega +  baffo', 2, 2, '2010-12-24', 'Parrucchiere ', '2010-12-24', '2010-12-24', '2010-12-27 11:36:50', '0000-00-00 00:00:00'),
(972, 26, 30.00, 'Regalo Lucrezia', 3, 3, '2010-12-24', 'Intimissimi', '2010-12-24', '2010-12-24', '2010-12-27 11:37:26', '0000-00-00 00:00:00'),
(973, 26, 18.50, 'Regalo Paola', 2, 1, '2010-12-24', 'Feltrinelli', '2010-12-24', '2010-12-24', '2010-12-27 11:38:06', '0000-00-00 00:00:00'),
(974, 26, 16.50, 'Regalo Enzo', 1, 1, '2010-12-24', 'Feltrinelli', '2010-12-24', '2010-12-24', '2010-12-27 11:38:39', '0000-00-00 00:00:00'),
(975, 26, 52.00, 'Regalo compleanno Lucrezia', 1, 1, '2010-12-24', 'Bassetti', '2010-12-24', '2010-12-24', '2010-12-27 11:39:15', '0000-00-00 00:00:00'),
(976, 27, 12.00, 'Cena pugliese coupon', 3, 1, '2010-12-22', 'Acquasala', '2010-12-22', '2010-12-22', '2010-12-27 11:39:53', '0000-00-00 00:00:00'),
(977, 3, 9.17, 'Spesa', 3, 2, '2011-01-03', 'Esselunga', '2011-01-03', '2011-01-03', '2011-01-05 12:11:46', '0000-00-00 00:00:00'),
(978, 3, 19.61, 'Spesa', 3, 2, '2011-01-04', 'Esselunga', '2011-01-04', '2011-01-04', '2011-01-05 12:12:16', '0000-00-00 00:00:00'),
(979, 27, 25.00, 'Monreale', 3, 1, '2011-01-02', 'Pizzeria Totò', '2011-01-02', '2011-01-02', '2011-01-05 12:12:56', '0000-00-00 00:00:00'),
(980, 17, 70.00, 'Capodanno', 3, 1, '2010-12-31', '', '2010-12-31', '2010-12-31', '2011-01-05 12:13:33', '0000-00-00 00:00:00'),
(981, 3, 27.00, 'Spesa', 3, 2, '2011-01-07', 'Esselunga', '2011-01-07', '2011-01-07', '2011-01-08 17:23:05', '0000-00-00 00:00:00'),
(982, 1, 12.00, 'Calze', 2, 2, '2011-01-07', 'Calzedonia', '2011-01-07', '2011-01-07', '2011-01-08 17:23:43', '0000-00-00 00:00:00'),
(983, 1, 81.00, 'Completini', 2, 2, '2011-01-06', 'Intimissimi', '2011-01-06', '2011-01-06', '2011-01-08 17:24:53', '0000-00-00 00:00:00'),
(984, 32, 24.00, 'Corso pilates', 2, 2, '2011-01-06', 'Groupon', '2011-01-06', '2011-01-06', '2011-01-08 17:26:17', '0000-00-00 00:00:00'),
(985, 1, 49.00, 'Piumino', 2, 2, '2011-01-08', 'Diffusione tessile', '2011-01-08', '2011-01-08', '2011-01-08 17:27:04', '0000-00-00 00:00:00'),
(986, 3, 55.00, 'Spesa', 3, 2, '2011-01-11', 'Ipercoop', '2011-01-11', '2011-01-11', '2011-01-11 11:02:41', '0000-00-00 00:00:00'),
(987, 3, 21.00, 'Spesa', 3, 1, '2011-01-10', 'Esselunga', '2011-01-10', '2011-01-10', '2011-01-11 11:04:31', '0000-00-00 00:00:00'),
(988, 27, 70.00, 'Cena con gli amici', 3, 1, '2011-01-07', 'Fame da lupi', '2011-01-07', '2011-01-07', '2011-01-11 11:07:12', '0000-00-00 00:00:00'),
(989, 22, 3.60, 'Biglietti autobus S.Giuliano', 3, 2, '2011-01-10', 'Atm', '2011-01-10', '2011-01-10', '2011-01-12 12:21:44', '0000-00-00 00:00:00'),
(990, 3, 6.00, 'Insalata, frutta, dash', 3, 2, '2011-01-12', 'Esselunga', '2011-01-12', '2011-01-12', '2011-01-12 12:22:20', '0000-00-00 00:00:00'),
(991, 6, 10.00, '', 3, 2, '2011-01-11', 'Benzinaio', '2011-01-11', '2011-01-11', '2011-01-12 13:33:26', '0000-00-00 00:00:00'),
(992, 1, 20.00, 'Magliette Marcello', 1, 2, '2011-01-13', 'Intimissimi', '2011-01-13', '2011-01-13', '2011-01-17 10:47:46', '0000-00-00 00:00:00'),
(993, 30, 10.60, 'Enterogermina', 3, 2, '2011-01-14', 'Farmacia ', '2011-01-14', '2011-01-14', '2011-01-17 10:49:04', '0000-00-00 00:00:00'),
(994, 3, 13.00, 'Spesa', 3, 2, '2011-01-17', 'Esselunga', '2011-01-17', '2011-01-17', '2011-01-17 10:49:46', '0000-00-00 00:00:00'),
(995, 24, 10.00, 'Pranzo con tesorino', 3, 2, '2011-01-18', 'Gusto giusto', '2011-01-18', '2011-01-18', '2011-01-18 15:02:28', '0000-00-00 00:00:00'),
(996, 1, 55.30, 'Pantaloni', 2, 2, '2011-01-18', 'Stefanel', '2011-01-18', '2011-01-18', '2011-01-18 15:04:03', '0000-00-00 00:00:00'),
(997, 12, 16.00, 'Piega ', 2, 2, '2011-01-18', 'Parrucchiere', '2011-01-18', '2011-01-18', '2011-01-18 15:04:27', '0000-00-00 00:00:00'),
(998, 1, 20.00, 'Camicia', 2, 2, '2011-01-18', 'Sisley ', '2011-01-18', '2011-01-18', '2011-01-18 15:05:05', '0000-00-00 00:00:00'),
(999, 35, 5.00, 'Ricarica', 2, 2, '2011-01-17', 'Tre', '2011-01-17', '2011-01-17', '2011-01-18 15:06:04', '0000-00-00 00:00:00'),
(1000, 43, 0.00, '', 2, 2, '2011-01-18', '', '2011-01-18', '2011-01-18', '2011-01-18 15:06:23', '0000-00-00 00:00:00'),
(1001, 24, 7.00, '', 2, 2, '2011-01-20', 'Bar S. Giuliano', '2011-01-18', '2011-01-18', '2011-01-21 11:47:48', '0000-00-00 00:00:00'),
(1002, 24, 6.00, '', 2, 2, '2011-01-19', 'Bar S. Giuliano', '2011-01-19', '2011-01-19', '2011-01-21 11:48:14', '0000-00-00 00:00:00'),
(1003, 22, 9.20, 'Carnet 10 biglietti', 2, 2, '2011-01-19', 'Atm', '2011-01-19', '2011-01-19', '2011-01-21 11:49:21', '0000-00-00 00:00:00'),
(1004, 22, 5.00, 'Biglietti autobus S.Giuliano', 2, 2, '2011-01-20', 'Atm', '2011-01-20', '2011-01-20', '2011-01-21 11:50:22', '0000-00-00 00:00:00'),
(1005, 19, 5.00, 'Benzina vespa', 2, 2, '2011-01-21', 'Benzinaio', '2011-01-21', '2011-01-21', '2011-01-21 11:51:12', '0000-00-00 00:00:00'),
(1006, 3, 40.00, 'Spesa', 3, 2, '2011-01-21', 'Esselunga', '2011-01-21', '2011-01-21', '2011-01-21 11:51:37', '0000-00-00 00:00:00'),
(1007, 35, 10.00, 'Ricarica', 2, 2, '2011-01-13', 'Tre', '2011-01-13', '2011-01-13', '2011-01-21 11:55:48', '0000-00-00 00:00:00'),
(1008, 3, 10.00, 'Spesa', 3, 2, '2011-01-24', 'Esselunga', '2011-01-24', '2011-01-24', '2011-01-24 16:04:05', '0000-00-00 00:00:00'),
(1009, 12, 16.00, 'Piega ', 2, 2, '2011-01-25', 'Parrucchiere', '2011-01-25', '2011-01-25', '2011-01-25 14:55:29', '0000-00-00 00:00:00'),
(1010, 12, 8.00, 'Crema corpo', 2, 2, '2011-01-25', 'Limoni', '2011-01-25', '2011-01-25', '2011-01-25 14:56:09', '0000-00-00 00:00:00'),
(1011, 26, 4.00, 'Biglietti di auguri', 2, 2, '2011-01-25', 'Mondadori', '2011-01-25', '2011-01-25', '2011-01-25 14:57:10', '0000-00-00 00:00:00'),
(1012, 26, 665.00, 'Fay', 2, 2, '2011-01-23', 'Corso 33', '2011-01-23', '2011-01-23', '2011-01-25 14:57:47', '0000-00-00 00:00:00'),
(1013, 2, 168.00, 'Borsa', 2, 2, '2011-01-18', 'Burberry', '2011-01-18', '2011-01-18', '2011-01-25 15:16:36', '0000-00-00 00:00:00'),
(1014, 32, 41.00, 'Abbigliamento calcetto', 1, 2, '2011-01-18', 'Decathlon', '2011-01-18', '2011-01-18', '2011-01-25 15:17:38', '0000-00-00 00:00:00'),
(1015, 43, 0.00, '', 2, 2, '2011-01-27', '', '2011-02-27', '2011-02-27', '2011-02-01 06:42:04', '0000-00-00 00:00:00'),
(1016, 42, 138.00, 'Rimorchio + tessera', 2, 2, '2011-01-27', 'Aci', '2011-02-27', '2011-02-27', '2011-02-01 06:42:56', '0000-00-00 00:00:00'),
(1017, 3, 9.00, 'Spesa', 3, 2, '2011-01-29', 'Esselunga', '2011-01-29', '2011-01-29', '2011-02-01 06:43:34', '0000-00-00 00:00:00'),
(1018, 43, 0.00, '', 2, 2, '2011-01-31', '', '2011-01-31', '2011-01-31', '2011-02-01 06:44:43', '0000-00-00 00:00:00'),
(1019, 10, 220.00, 'Trapunta e copripiumino', 3, 2, '2011-01-29', 'Zucchi', '2011-01-29', '2011-01-29', '2011-02-01 06:45:28', '0000-00-00 00:00:00'),
(1020, 3, 24.00, 'Spesa', 3, 2, '2011-01-27', 'Ipercoop', '2011-01-27', '2011-01-27', '2011-02-01 06:46:34', '0000-00-00 00:00:00'),
(1021, 26, 99.00, 'Hammam', 1, 1, '2011-01-28', 'Groupon', '2011-01-28', '2011-01-28', '2011-02-01 06:47:23', '0000-00-00 00:00:00'),
(1022, 11, 7.00, 'Piatti festa', 1, 1, '2011-01-31', 'Supermercato della carta', '2011-01-31', '2011-01-31', '2011-02-01 06:50:18', '0000-00-00 00:00:00'),
(1023, 11, 40.00, 'Piatti festa', 1, 1, '2011-01-31', 'Supermercato della carta', '2011-01-31', '2011-01-31', '2011-02-01 06:50:54', '0000-00-00 00:00:00'),
(1024, 10, 5.00, 'Tazze', 3, 1, '2011-01-29', 'Kasanova', '2011-01-29', '2011-01-29', '2011-02-01 06:51:54', '0000-00-00 00:00:00'),
(1025, 3, 12.00, 'Spesa', 3, 1, '2011-01-29', 'Ipercoop', '2011-01-31', '2011-01-31', '2011-02-01 06:54:11', '0000-00-00 00:00:00'),
(1026, 11, 7.00, 'Posate festa', 1, 1, '2011-01-29', 'Ipercoop', '2011-01-29', '2011-01-29', '2011-02-01 06:55:01', '0000-00-00 00:00:00'),
(1027, 11, 13.00, 'Tasselli, colla, pianta', 3, 1, '2011-01-29', 'Leroy Merlin', '2011-01-29', '2011-01-29', '2011-02-01 07:03:02', '0000-00-00 00:00:00'),
(1028, 11, 8.00, 'Antimuffa', 3, 1, '2011-01-29', 'Leroy Merlin', '2011-01-29', '2011-01-29', '2011-02-01 07:04:39', '0000-00-00 00:00:00'),
(1029, 10, 14.00, 'Appendiabiti', 3, 1, '2011-01-08', 'Rinascente', '2011-01-08', '2011-01-08', '2011-02-01 07:06:06', '0000-00-00 00:00:00'),
(1030, 24, 35.60, '', 3, 1, '2011-01-22', 'Roadhouse grill', '2011-01-22', '2011-01-22', '2011-02-01 07:10:16', '0000-00-00 00:00:00'),
(1031, 24, 18.30, 'Pranzo', 3, 1, '2011-01-29', 'Giovanni Rana', '2011-01-29', '2011-01-29', '2011-02-01 07:14:20', '0000-00-00 00:00:00'),
(1032, 10, 90.00, 'Piccina', 3, 1, '2011-01-19', 'Mediaworld', '2011-01-19', '2011-01-19', '2011-02-01 07:15:25', '0000-00-00 00:00:00'),
(1033, 3, 70.00, 'Spesa festa', 1, 1, '2011-02-01', 'Esselunga', '2011-02-01', '2011-02-28', '2011-02-01 15:04:28', '0000-00-00 00:00:00'),
(1034, 3, 84.00, 'Spesa festa', 1, 1, '2011-02-03', 'Ipercoop', '2011-02-03', '2011-02-03', '2011-02-05 11:07:28', '0000-00-00 00:00:00');

--
-- Constraints for dumped tables
--

--
-- Constraints for table `account_classifications`
--
ALTER TABLE `account_classifications`
  ADD CONSTRAINT `fk_account_classifications_accounts` FOREIGN KEY (`account_id`) REFERENCES `accounts` (`id`) ON DELETE NO ACTION ON UPDATE NO ACTION,
  ADD CONSTRAINT `fk_account_classifications_categories` FOREIGN KEY (`category_id`) REFERENCES `categories` (`id`) ON DELETE NO ACTION ON UPDATE NO ACTION,
  ADD CONSTRAINT `fk_account_classifications_classifications` FOREIGN KEY (`classification_id`) REFERENCES `classifications` (`id`) ON DELETE NO ACTION ON UPDATE NO ACTION;

--
-- Constraints for table `payments`
--
ALTER TABLE `payments`
  ADD CONSTRAINT `fk_payments_subjects` FOREIGN KEY (`payer_subject_id`) REFERENCES `subjects` (`id`) ON DELETE NO ACTION ON UPDATE NO ACTION,
  ADD CONSTRAINT `fk_payments_transactions` FOREIGN KEY (`transaction_id`) REFERENCES `transactions` (`id`) ON DELETE NO ACTION ON UPDATE NO ACTION;

--
-- Constraints for table `transactions`
--
ALTER TABLE `transactions`
  ADD CONSTRAINT `fk_transactions_accounts` FOREIGN KEY (`account_id`) REFERENCES `accounts` (`id`) ON DELETE NO ACTION ON UPDATE NO ACTION,
  ADD CONSTRAINT `fk_transactions_subjects` FOREIGN KEY (`recipient_subject_id`) REFERENCES `subjects` (`id`) ON DELETE NO ACTION ON UPDATE NO ACTION;
